power_on,fan_spins,screen_on,beeps,boot_ok,high_temp,fan_loud,shutdowns,slow,disk_noise,disk_errors,boot_error,internet_down,wifi_disconnected,many_apps,crashes,recent_update,random_restarts,label,split,group
1,0,0,0,1,0,0,0,0,0,0,0,0,0,0,0,0,1,display_failure,train,100010000000000001
1,1,1,0,0,0,0,0,1,0,1,1,0,0,0,0,0,0,disk_failure,train,111000001011000000
1,1,1,0,1,1,1,1,0,0,0,0,0,0,0,0,0,0,overheating,validation,111011110000000000
1,1,1,1,1,0,0,0,1,1,0,0,1,0,0,0,0,0,disk_failure,test,111110001100100000
1,1,1,0,1,0,0,0,1,1,1,1,0,0,1,0,0,0,disk_failure,train,111010001111001000
1,1,1,0,1,1,1,1,0,1,0,0,0,0,0,0,0,0,overheating,train,111011110100000000
1,1,0,0,1,0,0,0,0,0,0,0,0,0,0,0,0,0,display_failure,test,110010000000000000
1,1,1,0,1,0,0,0,1,0,0,0,0,0,1,1,0,0,software_issue,train,111010001000001100
1,1,1,0,1,1,1,1,0,0,0,0,0,0,0,0,0,0,overheating,validation,111011110000000000
1,1,1,0,1,0,0,0,0,0,0,0,1,1,0,0,1,0,network_failure,train,111010000000110010
0,0,0,0,0,0,1,0,0,0,0,0,0,1,0,0,0,0,power_failure,test,000000100000010000
1,1,0,0,1,0,1,0,0,0,0,0,0,0,1,0,0,0,display_failure,validation,110010100000001000
1,1,0,0,0,0,0,0,1,1,0,0,0,0,0,0,0,0,display_failure,validation,110000001100000000
1,1,1,0,1,0,0,0,1,0,0,0,0,0,1,1,1,0,software_issue,train,111010001000001110
1,1,1,0,0,0,0,0,1,0,1,1,0,0,0,0,0,0,disk_failure,train,111000001011000000
1,1,1,0,1,0,0,0,1,0,0,0,0,0,1,0,0,0,software_issue,train,111010001000001000
1,0,1,1,0,0,0,0,0,0,0,0,0,0,0,0,0,1,ram_failure,train,101100000000000001
1,1,1,0,1,0,0,0,0,0,0,0,1,1,0,0,0,0,network_failure,train,111010000000110000
1,1,1,0,1,0,0,0,0,0,0,0,1,1,0,0,0,0,network_failure,train,111010000000110000
1,1,0,1,0,0,0,0,0,0,0,0,0,1,0,0,0,1,ram_failure,train,110100000000010001
1,1,1,0,1,0,0,0,0,0,0,0,1,1,0,0,0,0,network_failure,train,111010000000110000
0,0,0,0,0,0,0,0,0,0,0,0,0,0,0,0,0,0,power_failure,train,000000000000000000
0,0,0,0,0,0,0,0,0,0,0,0,0,0,0,0,0,0,power_failure,train,000000000000000000
1,1,1,0,1,1,1,1,0,0,0,0,0,0,0,0,0,0,overheating,validation,111011110000000000
1,1,1,1,0,1,0,0,0,1,0,0,0,0,0,0,0,0,ram_failure,train,111101000100000000
1,1,0,0,0,0,0,0,0,0,0,1,1,0,0,0,1,0,display_failure,test,110000000001100010
1,1,1,0,0,0,0,0,0,1,1,0,0,0,0,0,0,0,disk_failure,train,111000000110000000
1,1,0,0,1,0,0,0,0,0,0,0,0,0,0,0,0,1,display_failure,train,110010000000000001
1,1,1,0,1,1,1,1,0,0,0,0,0,0,0,0,0,0,overheating,validation,111011110000000000
1,1,0,0,1,0,0,1,0,0,0,0,1,0,1,0,0,0,display_failure,train,110010010000101000
0,0,0,0,0,0,0,0,0,0,0,0,0,0,0,0,0,0,power_failure,train,000000000000000000
1,1,1,0,1,0,0,0,1,0,0,0,0,0,1,1,1,0,software_issue,train,111010001000001110
1,1,0,0,1,0,0,0,0,0,0,0,0,0,0,0,0,0,display_failure,test,110010000000000000
0,1,0,1,0,0,0,0,0,0,0,0,0,0,1,0,0,1,ram_failure,train,010100000000001001
1,1,0,1,0,0,0,0,0,0,0,0,0,0,1,0,0,0,ram_failure,train,110100000000001000
0,0,0,0,0,0,0,0,0,0,0,0,0,0,0,0,0,0,power_failure,train,000000000000000000
1,1,1,0,1,0,0,0,0,1,0,0,1,0,0,0,0,1,network_failure,train,111010000100100001
1,1,1,0,1,1,1,1,0,0,0,1,0,0,0,0,0,0,overheating,test,111011110001000000
1,1,1,0,1,0,0,0,1,1,1,1,0,0,0,0,0,0,disk_failure,train,111010001111000000
1,1,1,0,1,0,1,0,1,0,1,1,0,1,0,0,0,0,disk_failure,train,111010101011010000
0,0,0,0,1,0,0,0,0,0,0,0,0,0,0,0,0,0,power_failure,validation,000010000000000000
0,0,0,0,0,0,0,0,0,0,0,0,0,0,0,0,0,0,power_failure,train,000000000000000000
1,1,1,0,1,0,0,0,1,0,0,0,0,1,1,1,1,0,software_issue,train,111010001000011110
1,1,1,0,1,0,0,0,0,0,0,0,0,1,0,0,0,0,network_failure,test,111010000000010000
1,1,1,0,1,0,0,0,1,0,1,0,0,0,0,0,0,0,disk_failure,validation,111010001010000000
1,1,0,0,1,0,0,0,0,0,0,0,0,0,0,0,0,0,display_failure,test,110010000000000000
0,1,1,0,1,0,0,0,1,0,0,0,0,0,1,1,1,0,software_issue,train,011010001000001110
1,1,0,1,0,1,0,0,0,0,0,0,0,0,0,0,0,0,ram_failure,train,110101000000000000
0,0,0,0,0,1,0,0,0,0,0,0,0,0,0,0,0,0,power_failure,test,000001000000000000
0,0,0,0,0,0,0,0,0,0,0,0,0,0,0,0,0,0,power_failure,train,000000000000000000
1,1,1,0,1,1,1,0,0,0,0,0,0,0,0,0,0,1,overheating,test,111011100000000001
1,1,1,1,1,0,0,0,0,0,0,0,0,0,0,0,0,1,ram_failure,train,111110000000000001
0,1,1,0,1,0,0,0,1,1,1,1,0,0,0,0,0,0,disk_failure,train,011010001111000000
1,1,1,0,1,1,1,1,0,0,0,0,0,0,0,0,0,0,overheating,validation,111011110000000000
1,1,1,0,0,0,0,0,1,1,1,0,0,0,0,0,0,0,disk_failure,train,111000001110000000
1,1,1,0,1,0,0,0,0,0,0,0,1,1,0,0,0,0,network_failure,train,111010000000110000
1,1,1,0,1,0,0,0,0,0,0,0,1,1,0,0,0,1,network_failure,train,111010000000110001
1,1,1,0,1,0,0,0,1,0,0,0,0,0,1,1,1,0,software_issue,train,111010001000001110
1,1,1,0,0,0,0,0,0,0,0,0,0,0,0,0,0,1,ram_failure,train,111000000000000001
0,1,0,1,0,0,0,0,0,0,0,0,0,0,0,0,0,1,ram_failure,train,010100000000000001
1,1,1,0,1,0,0,0,1,0,0,0,1,0,1,1,0,0,software_issue,validation,111010001000101100
1,1,1,0,1,0,0,0,1,1,0,0,0,0,1,1,0,0,software_issue,train,111010001100001100
1,1,1,0,1,1,1,1,0,0,0,0,0,0,0,0,0,0,overheating,validation,111011110000000000
0,0,0,0,0,0,0,0,0,0,0,0,0,0,0,0,0,0,power_failure,train,000000000000000000
1,1,1,0,1,1,0,1,0,0,0,0,0,0,0,0,0,0,overheating,train,111011010000000000
1,1,1,0,1,1,1,1,0,0,0,0,0,0,0,0,0,0,overheating,validation,111011110000000000
1,1,1,0,1,1,1,1,1,0,1,0,0,0,0,0,0,1,overheating,train,111011111010000001
1,1,0,0,1,0,0,0,1,0,0,0,0,0,1,1,1,0,software_issue,train,110010001000001110
0,0,0,0,0,0,0,0,0,0,1,0,1,0,0,0,0,0,power_failure,train,000000000010100000
1,1,0,0,1,0,0,0,0,0,0,0,0,0,0,1,0,0,display_failure,validation,110010000000000100
1,1,1,0,1,1,1,0,0,0,0,0,0,0,0,0,0,0,overheating,train,111011100000000000
1,1,1,0,1,0,0,0,0,0,0,1,1,1,0,0,1,0,network_failure,validation,111010000001110010
1,1,1,0,1,0,1,0,0,0,0,0,1,1,0,0,0,0,network_failure,validation,111010100000110000
1,1,1,0,1,1,1,1,0,0,0,0,0,0,0,0,0,0,overheating,validation,111011110000000000
1,1,1,0,1,0,0,0,0,0,0,0,1,0,0,0,0,0,network_failure,train,111010000000100000
0,0,0,0,0,0,0,0,0,0,0,0,0,0,0,0,0,0,power_failure,train,000000000000000000
1,1,1,1,1,0,0,0,0,0,0,0,0,0,1,0,1,0,software_issue,test,111110000000001010
1,0,0,0,0,0,0,0,0,0,0,0,0,1,0,0,0,1,ram_failure,train,100000000000010001
0,0,0,0,0,0,0,0,0,0,0,0,0,0,0,0,0,0,power_failure,train,000000000000000000
0,0,0,0,0,0,0,0,0,0,0,0,0,0,0,0,0,0,power_failure,train,000000000000000000
1,1,1,0,1,0,0,0,0,0,1,0,1,0,0,0,0,0,network_failure,train,111010000010100000
0,0,0,0,0,1,0,0,0,0,0,0,0,0,0,0,0,0,power_failure,test,000001000000000000
1,1,0,1,1,0,0,0,0,0,0,0,0,0,0,0,0,1,ram_failure,train,110110000000000001
1,1,1,0,0,0,0,0,1,1,1,1,0,0,0,0,0,0,disk_failure,train,111000001111000000
1,1,0,0,1,1,1,0,0,0,0,0,0,0,0,0,0,0,overheating,train,110011100000000000
0,0,0,0,0,0,0,0,0,0,0,0,0,0,0,1,0,0,power_failure,train,000000000000000100
1,1,0,0,1,0,0,0,0,0,0,0,0,0,0,0,0,0,display_failure,test,110010000000000000
1,1,0,0,1,1,0,0,0,0,0,0,0,0,0,0,0,0,display_failure,train,110011000000000000
1,1,1,0,1,1,0,0,0,0,1,0,1,1,0,0,0,0,network_failure,train,111011000010110000
1,1,1,0,1,0,0,0,1,1,1,0,1,0,0,0,0,0,disk_failure,validation,111010001110100000
1,1,1,1,1,0,0,0,1,1,1,1,0,0,0,0,0,0,disk_failure,train,111110001111000000
1,1,1,0,1,0,0,0,1,1,1,0,0,0,0,0,0,0,disk_failure,train,111010001110000000
1,1,0,0,1,0,0,0,0,0,0,0,0,0,0,0,0,0,display_failure,test,110010000000000000
1,1,0,0,0,0,0,0,0,0,0,0,0,0,0,0,0,0,display_failure,test,110000000000000000
1,1,1,0,0,0,0,0,1,1,0,1,0,0,0,0,0,0,disk_failure,train,111000001101000000
0,1,0,1,0,0,0,0,0,0,0,0,0,0,1,0,0,0,ram_failure,validation,010100000000001000
1,1,1,0,1,1,0,0,0,0,0,0,1,0,0,0,0,0,network_failure,validation,111011000000100000
1,1,1,0,1,1,1,0,1,0,0,0,0,0,0,0,0,1,overheating,validation,111011101000000001
1,1,0,1,0,0,0,0,0,0,0,0,0,0,0,1,0,1,ram_failure,train,110100000000000101
1,1,1,0,1,0,0,1,0,0,0,0,1,1,0,0,1,0,network_failure,train,111010010000110010
1,1,1,0,1,0,0,0,1,1,1,1,1,0,0,0,0,0,disk_failure,train,111010001111100000
0,0,0,0,0,0,0,0,0,0,0,0,0,0,0,0,0,0,power_failure,train,000000000000000000
1,1,0,0,1,0,1,0,1,1,1,1,0,1,0,0,0,0,disk_failure,validation,110010101111010000
1,1,1,0,0,0,0,0,1,1,1,0,0,0,0,0,0,0,disk_failure,train,111000001110000000
1,1,0,0,0,0,0,0,0,1,0,0,0,0,0,0,0,0,display_failure,train,110000000100000000
1,1,1,0,1,0,0,0,1,0,0,0,0,0,1,0,0,0,software_issue,train,111010001000001000
1,1,0,0,1,0,0,0,0,0,0,0,0,0,0,0,0,0,display_failure,test,110010000000000000
1,1,0,0,0,0,0,0,0,0,0,0,0,0,0,0,0,1,ram_failure,train,110000000000000001
1,1,1,0,1,0,0,0,0,0,0,0,1,0,0,0,0,0,network_failure,train,111010000000100000
1,1,1,0,0,0,1,0,1,1,1,0,1,0,0,0,0,0,disk_failure,train,111000101110100000
1,1,1,0,1,0,0,0,1,1,1,1,0,0,0,0,0,0,disk_failure,train,111010001111000000
1,1,1,0,1,0,0,0,1,1,1,0,0,0,0,0,0,0,disk_failure,train,111010001110000000
1,1,0,0,1,0,0,0,0,0,0,0,1,0,0,0,0,1,display_failure,train,110010000000100001
1,1,1,0,1,0,0,0,1,0,0,1,1,1,0,0,0,0,network_failure,validation,111010001001110000
1,1,1,0,1,1,0,1,1,0,0,0,0,0,0,1,1,0,software_issue,train,111011011000000110
1,1,1,1,0,0,0,0,0,0,0,0,0,0,0,0,0,1,ram_failure,test,111100000000000001
1,1,1,0,1,0,0,0,0,0,0,0,1,1,0,0,0,0,network_failure,train,111010000000110000
0,0,0,0,0,0,0,0,0,0,1,0,0,0,0,0,0,0,power_failure,validation,000000000010000000
1,1,1,1,1,0,0,0,1,0,0,1,0,0,1,1,1,0,software_issue,train,111110001001001110
1,1,1,0,1,0,0,0,1,0,0,1,0,0,0,0,0,0,disk_failure,train,111010001001000000
1,1,1,0,1,0,1,0,1,0,0,0,0,0,1,1,0,0,software_issue,train,111010101000001100
1,1,0,1,0,0,0,0,0,1,0,0,0,0,0,0,0,1,ram_failure,validation,110100000100000001
1,1,0,1,1,0,0,1,0,0,0,0,0,0,0,0,0,0,display_failure,train,110110010000000000
1,1,1,0,1,0,0,0,1,0,0,0,0,0,1,0,0,0,software_issue,train,111010001000001000
1,1,0,0,1,0,0,0,0,0,0,0,0,0,0,1,0,0,display_failure,validation,110010000000000100
1,1,1,0,1,0,0,0,0,0,0,0,0,0,1,1,1,0,software_issue,train,111010000000001110
1,0,1,0,1,1,1,1,0,0,0,0,0,0,0,0,0,0,overheating,train,101011110000000000
1,0,0,0,0,0,0,0,0,0,0,0,0,0,0,0,0,0,ram_failure,train,100000000000000000
1,0,1,0,1,1,1,1,0,0,0,0,0,0,0,0,0,0,overheating,train,101011110000000000
1,1,1,0,0,0,0,0,1,0,1,1,0,0,0,0,0,0,disk_failure,train,111000001011000000
1,1,1,0,1,1,1,1,0,0,0,0,0,0,0,0,0,0,overheating,validation,111011110000000000
1,1,1,0,1,1,1,0,1,0,0,0,0,1,0,0,0,1,overheating,train,111011101000010001
1,1,1,0,1,1,1,1,0,0,0,0,0,0,0,0,0,1,overheating,train,111011110000000001
1,1,0,0,0,0,0,0,0,0,0,0,0,1,0,0,0,1,ram_failure,test,110000000000010001
1,1,1,0,1,1,1,0,0,0,0,0,0,0,0,0,0,0,overheating,train,111011100000000000
1,1,0,0,0,0,0,0,1,0,0,0,0,0,0,0,0,0,display_failure,train,110000001000000000
1,1,0,0,1,0,0,0,0,0,0,0,0,0,0,0,1,0,display_failure,train,110010000000000010
1,1,1,0,1,1,1,1,0,0,0,0,0,0,0,0,0,1,overheating,train,111011110000000001
0,0,0,0,0,0,0,0,0,0,0,0,0,0,0,0,0,0,power_failure,train,000000000000000000
1,1,1,0,1,0,0,0,1,0,0,0,0,0,1,1,0,0,software_issue,train,111010001000001100
1,1,1,0,1,0,0,0,1,0,0,0,1,1,0,0,0,0,network_failure,train,111010001000110000
1,1,1,0,0,0,0,0,1,0,1,1,0,0,0,0,0,0,disk_failure,train,111000001011000000
1,1,1,1,0,0,0,0,0,0,0,0,0,0,0,0,0,1,ram_failure,test,111100000000000001
1,1,0,0,0,0,0,0,0,1,0,0,0,0,0,0,0,0,display_failure,train,110000000100000000
1,1,0,0,1,1,1,1,0,0,0,0,0,0,1,0,0,0,overheating,validation,110011110000001000
1,1,1,0,1,0,0,1,1,1,1,0,0,0,0,0,0,0,disk_failure,test,111010011110000000
1,1,1,0,1,0,0,0,1,0,0,0,0,0,1,1,1,0,software_issue,train,111010001000001110
1,1,0,0,1,0,0,0,0,0,0,0,0,0,0,0,0,0,display_failure,test,110010000000000000
1,1,1,1,0,0,0,0,1,0,1,0,0,0,0,0,0,0,disk_failure,train,111100001010000000
1,0,1,0,1,1,1,1,0,0,0,0,0,0,0,0,0,0,overheating,train,101011110000000000
0,1,1,0,0,0,0,0,0,0,0,0,0,0,0,0,0,1,ram_failure,train,011000000000000001
1,1,0,0,1,0,0,0,0,0,0,0,1,1,0,0,0,0,network_failure,train,110010000000110000
1,1,0,0,1,1,0,0,0,0,0,0,0,1,0,0,0,0,display_failure,validation,110011000000010000
1,0,1,0,1,0,0,1,0,0,0,0,1,1,0,0,0,0,network_failure,train,101010010000110000
1,1,1,0,1,0,0,0,1,0,0,1,0,0,1,1,1,0,software_issue,validation,111010001001001110
1,1,1,0,1,0,0,0,1,1,1,0,0,0,0,0,0,0,disk_failure,train,111010001110000000
0,0,0,0,0,0,0,1,0,0,0,0,0,0,0,0,1,0,power_failure,test,000000010000000010
1,0,1,0,1,0,1,1,0,0,0,0,0,0,0,0,0,0,overheating,train,101010110000000000
1,1,1,0,1,1,1,1,0,0,0,0,0,0,0,0,0,1,overheating,train,111011110000000001
1,1,1,0,1,0,0,0,0,0,0,0,1,0,0,0,0,0,network_failure,train,111010000000100000
1,1,1,0,1,1,0,0,1,0,0,1,0,0,1,0,1,0,software_issue,train,111011001001001010
1,1,1,0,1,1,1,1,0,0,0,0,0,0,0,0,0,0,overheating,validation,111011110000000000
1,1,0,0,0,0,1,0,0,0,0,0,0,0,0,0,0,0,display_failure,validation,110000100000000000
0,0,0,0,0,0,0,0,0,0,0,0,0,0,0,0,0,0,power_failure,train,000000000000000000
0,1,0,0,0,0,0,0,0,0,0,1,0,0,0,0,0,0,display_failure,train,010000000001000000
0,1,0,0,0,0,0,0,0,0,0,0,0,0,0,0,0,0,power_failure,train,010000000000000000
1,1,1,0,1,1,1,1,0,0,0,1,0,0,0,0,0,0,overheating,test,111011110001000000
1,1,1,0,1,0,0,0,1,0,0,0,0,0,1,1,1,0,software_issue,train,111010001000001110
0,1,0,1,0,0,0,0,0,0,0,0,0,0,0,0,0,0,ram_failure,validation,010100000000000000
1,1,0,1,0,0,0,0,0,0,0,0,0,0,0,0,0,1,ram_failure,train,110100000000000001
1,1,1,0,1,0,0,0,0,0,0,0,0,0,0,0,0,0,display_failure,train,111010000000000000
1,1,0,0,1,0,0,0,1,0,0,0,0,0,0,1,1,0,software_issue,train,110010001000000110
1,1,1,1,0,1,0,0,0,0,0,0,0,0,0,0,0,1,ram_failure,train,111101000000000001
1,1,1,0,1,0,0,0,1,0,0,0,0,0,0,1,1,0,software_issue,test,111010001000000110
1,1,1,0,1,0,1,1,0,0,0,0,0,0,0,1,0,0,overheating,train,111010110000000100
1,1,1,0,1,0,0,0,0,0,1,0,1,1,0,0,0,0,network_failure,test,111010000010110000
1,1,0,1,0,0,0,1,0,0,0,0,0,0,0,0,0,1,ram_failure,train,110100010000000001
1,1,1,0,0,0,0,0,1,0,1,0,0,0,0,1,0,0,disk_failure,train,111000001010000100
1,1,0,0,1,0,0,0,0,0,0,0,0,0,0,0,0,0,display_failure,test,110010000000000000
1,1,1,0,1,0,0,0,1,1,1,1,0,1,0,0,0,0,disk_failure,test,111010001111010000
1,1,0,0,1,0,1,0,0,0,0,0,0,1,0,0,0,0,display_failure,test,110010100000010000
0,0,0,0,0,0,0,0,0,0,0,0,0,0,0,0,0,0,power_failure,train,000000000000000000
1,1,1,0,1,0,0,0,1,0,1,0,0,0,1,1,0,1,software_issue,test,111010001010001101
1,1,0,1,0,0,0,0,1,0,0,0,0,0,0,0,1,1,ram_failure,train,110100001000000011
0,0,0,1,0,0,0,0,0,0,1,0,0,0,0,0,0,0,power_failure,train,000100000010000000
1,1,0,0,1,0,0,0,0,1,0,0,0,0,0,0,0,1,ram_failure,train,110010000100000001
1,1,0,0,1,0,0,0,1,0,1,0,0,0,1,1,1,0,software_issue,train,110010001010001110
1,1,0,0,1,0,0,0,0,0,0,0,0,0,0,0,0,0,display_failure,test,110010000000000000
1,1,1,0,0,0,0,0,1,1,1,1,1,0,0,0,0,0,disk_failure,validation,111000001111100000
0,0,0,0,0,0,0,0,0,0,0,0,0,0,0,0,0,0,power_failure,train,000000000000000000
1,1,1,0,1,0,0,0,0,0,0,0,1,1,0,0,0,0,network_failure,train,111010000000110000
1,1,0,0,1,0,0,0,0,0,0,0,0,0,0,1,1,0,display_failure,train,110010000000000110
0,0,0,0,0,0,0,0,0,0,0,0,0,0,0,0,0,1,power_failure,test,000000000000000001
1,1,1,0,1,0,0,0,1,0,1,0,0,0,1,1,1,0,software_issue,test,111010001010001110
1,1,0,0,1,0,0,0,0,0,0,0,0,0,1,0,0,0,display_failure,validation,110010000000001000
1,1,1,0,0,0,0,0,1,1,1,0,0,0,0,1,0,0,disk_failure,train,111000001110000100
1,1,1,0,1,0,0,1,0,0,1,0,1,1,0,0,0,0,network_failure,test,111010010010110000
1,1,1,0,1,0,0,1,0,0,1,0,1,1,0,0,0,0,network_failure,test,111010010010110000
1,1,1,0,1,0,0,0,0,0,0,0,1,1,0,0,0,0,network_failure,train,111010000000110000
0,0,0,1,0,0,0,0,0,0,0,0,0,0,0,0,0,0,power_failure,train,000100000000000000
1,1,1,0,1,1,1,0,0,0,0,0,0,0,0,0,0,0,overheating,train,111011100000000000
1,1,0,1,1,0,0,0,0,0,0,0,0,0,0,0,0,1,ram_failure,train,110110000000000001
1,1,1,1,1,0,0,1,1,1,1,1,0,0,0,0,0,0,disk_failure,train,111110011111000000
1,1,0,0,1,0,0,0,0,0,0,0,0,0,0,0,0,0,display_failure,test,110010000000000000
1,1,0,0,1,0,0,0,1,0,0,0,1,0,0,0,0,0,network_failure,test,110010001000100000
1,1,1,0,1,0,0,0,1,0,0,0,0,0,0,1,0,0,software_issue,train,111010001000000100
1,1,1,0,1,0,0,0,1,0,1,1,0,0,0,0,0,0,disk_failure,train,111010001011000000
0,0,0,0,0,1,0,0,0,0,0,0,0,0,0,0,0,0,power_failure,test,000001000000000000
0,0,0,0,0,0,0,0,0,0,0,0,0,0,0,0,0,0,power_failure,train,000000000000000000
1,1,1,1,1,0,0,0,0,0,0,0,1,1,0,0,0,0,network_failure,validation,111110000000110000
1,1,0,0,1,0,0,0,0,0,1,0,1,0,0,0,0,0,network_failure,train,110010000010100000
1,1,0,0,0,0,0,0,1,0,0,0,0,0,1,0,0,0,display_failure,train,110000001000001000
1,1,1,0,1,1,1,0,0,0,0,0,0,0,0,0,0,0,overheating,train,111011100000000000
1,1,1,0,1,0,0,1,0,0,0,0,1,0,0,0,0,0,network_failure,train,111010010000100000
1,1,0,1,0,0,0,0,0,1,0,0,0,0,0,0,0,1,ram_failure,validation,110100000100000001
1,1,1,0,1,0,0,0,1,0,1,0,0,0,1,1,1,0,software_issue,test,111010001010001110
1,1,1,0,1,0,1,0,1,0,0,0,0,0,1,1,1,0,software_issue,train,111010101000001110
1,1,1,0,0,0,0,0,1,1,1,1,0,0,0,0,0,0,disk_failure,train,111000001111000000
1,1,1,0,1,0,0,0,1,0,0,0,0,0,0,1,1,0,software_issue,test,111010001000000110
1,1,0,0,1,1,1,1,0,0,0,0,0,0,0,0,0,0,overheating,train,110011110000000000
1,1,1,0,0,0,0,0,1,1,1,0,0,0,0,0,0,0,disk_failure,train,111000001110000000
1,1,1,0,1,0,0,0,1,0,0,0,0,0,1,1,0,0,software_issue,train,111010001000001100
1,1,0,0,1,0,0,0,0,0,0,0,0,0,0,0,0,0,display_failure,test,110010000000000000
1,1,1,0,1,1,1,1,0,0,0,0,0,1,0,0,0,1,overheating,train,111011110000010001
1,1,1,0,1,0,0,0,1,0,0,0,0,1,1,0,1,0,software_issue,test,111010001000011010
1,1,0,0,1,0,0,0,0,0,0,0,0,0,0,0,0,0,display_failure,test,110010000000000000
0,0,0,0,0,0,0,0,1,0,0,0,0,0,0,0,0,0,power_failure,validation,000000001000000000
1,1,1,0,1,0,0,0,1,0,0,0,1,0,0,0,0,0,network_failure,train,111010001000100000
1,1,1,0,1,1,1,0,0,0,0,0,0,0,0,0,0,1,overheating,test,111011100000000001
1,1,1,0,1,1,0,0,1,0,0,0,0,1,1,1,0,0,software_issue,train,111011001000011100
1,0,0,1,0,0,0,0,0,0,0,0,0,0,0,0,0,1,ram_failure,validation,100100000000000001
1,1,0,0,1,0,0,0,0,0,0,0,0,0,0,0,0,0,display_failure,test,110010000000000000
1,0,0,0,1,0,0,0,0,0,0,0,0,0,1,1,1,1,software_issue,test,100010000000001111
0,1,0,0,0,0,0,0,0,0,0,0,0,0,0,0,0,0,power_failure,train,010000000000000000
1,1,1,0,1,0,0,0,0,0,0,0,1,1,0,0,0,0,network_failure,train,111010000000110000
1,1,1,0,1,1,1,1,0,0,0,0,0,0,0,0,0,0,overheating,validation,111011110000000000
1,1,1,0,1,0,0,0,1,0,1,0,0,0,0,0,0,0,disk_failure,validation,111010001010000000
1,1,1,0,1,1,1,1,0,0,0,0,0,0,0,0,0,1,overheating,train,111011110000000001
1,1,0,1,1,0,0,0,0,0,0,0,0,0,0,0,0,0,display_failure,train,110110000000000000
1,1,1,0,1,0,0,1,1,0,0,0,0,0,1,1,0,0,software_issue,train,111010011000001100
1,1,1,0,0,0,0,0,1,1,1,0,0,0,0,0,1,0,disk_failure,train,111000001110000010
0,0,0,0,0,0,0,0,1,0,0,0,0,0,0,0,0,0,power_failure,validation,000000001000000000
1,1,1,0,1,0,0,0,1,0,0,0,0,0,1,0,1,0,software_issue,validation,111010001000001010
1,1,1,0,1,0,0,0,1,1,1,0,0,0,0,0,0,0,disk_failure,train,111010001110000000
1,1,1,0,1,1,0,0,1,0,0,0,0,0,1,1,0,0,software_issue,train,111011001000001100
1,1,1,0,0,0,0,1,1,1,1,1,0,0,0,0,0,0,disk_failure,train,111000011111000000
0,1,1,1,0,0,0,0,0,0,0,0,0,0,0,0,0,1,ram_failure,train,011100000000000001
1,0,0,1,0,1,0,1,0,0,0,0,0,0,0,0,0,1,ram_failure,train,100101010000000001
1,1,1,0,1,0,0,0,1,0,0,0,0,0,1,1,1,0,software_issue,train,111010001000001110
1,1,0,1,0,1,0,0,0,0,1,0,0,0,0,0,0,1,ram_failure,train,110101000010000001
1,1,0,0,0,1,1,0,0,0,0,0,0,0,0,0,0,1,ram_failure,test,110001100000000001
0,0,0,0,0,0,0,0,0,0,0,0,0,0,0,0,0,0,power_failure,train,000000000000000000
1,1,0,0,1,1,1,0,0,0,0,0,1,0,0,0,0,0,overheating,train,110011100000100000
0,1,0,0,0,0,0,0,0,0,0,0,0,1,0,0,0,0,power_failure,validation,010000000000010000
1,1,1,0,1,1,1,1,0,0,0,0,1,0,0,0,0,0,overheating,test,111011110000100000
1,1,0,0,1,0,0,0,0,0,0,0,0,0,0,0,0,0,display_failure,test,110010000000000000
1,1,0,0,0,1,1,0,0,0,0,0,0,0,0,0,0,0,display_failure,train,110001100000000000
1,1,1,1,0,0,0,0,0,0,0,0,0,0,0,0,1,0,ram_failure,train,111100000000000010
1,1,1,0,1,1,0,0,1,0,0,0,0,0,1,1,1,0,software_issue,test,111011001000001110
1,1,1,0,1,0,0,0,0,0,1,0,1,1,0,0,0,0,network_failure,test,111010000010110000
1,1,1,0,1,1,0,0,1,0,0,0,1,0,1,1,1,0,software_issue,validation,111011001000101110
1,1,0,1,0,0,0,0,0,0,0,0,0,0,0,0,0,1,ram_failure,train,110100000000000001
1,0,0,0,0,0,0,0,0,0,0,0,0,0,0,0,0,0,power_failure,train,100000000000000000
1,1,1,0,1,0,0,0,1,1,1,1,0,1,0,0,0,0,disk_failure,test,111010001111010000
1,1,1,0,1,1,0,1,0,0,0,0,0,0,0,0,1,0,overheating,validation,111011010000000010
1,1,1,1,1,0,0,0,1,0,1,0,0,0,0,0,0,0,disk_failure,train,111110001010000000
1,1,1,0,1,0,0,0,0,0,0,0,1,0,0,0,0,0,display_failure,train,111010000000100000
1,1,1,0,0,0,0,0,1,1,1,0,0,0,0,0,0,0,disk_failure,train,111000001110000000
1,1,0,0,0,0,0,0,0,0,0,0,0,0,0,0,0,0,display_failure,test,110000000000000000
1,1,0,1,0,0,0,0,0,0,0,0,0,0,0,0,0,0,ram_failure,train,110100000000000000
1,1,0,0,0,0,0,0,0,0,0,0,0,0,0,0,0,0,display_failure,test,110000000000000000
1,1,1,0,0,0,0,0,0,1,1,0,0,0,0,0,0,0,disk_failure,train,111000000110000000
1,1,1,0,0,0,0,0,0,0,0,0,0,0,0,0,0,0,ram_failure,train,111000000000000000
1,1,1,0,1,1,1,0,0,0,0,0,0,0,0,0,0,1,overheating,test,111011100000000001
1,1,1,0,0,0,0,0,1,0,1,1,0,0,0,0,0,1,disk_failure,train,111000001011000001
1,1,0,0,1,0,0,0,0,0,0,0,0,0,0,0,0,0,display_failure,test,110010000000000000
1,1,1,0,1,1,1,0,0,0,0,0,0,0,0,0,0,0,overheating,train,111011100000000000
1,1,1,0,1,0,0,0,0,0,0,0,1,1,0,0,0,0,network_failure,train,111010000000110000
1,1,1,0,1,1,1,1,0,0,0,0,0,0,0,0,0,0,overheating,validation,111011110000000000
1,1,1,0,0,0,0,0,1,1,1,1,0,0,0,0,0,0,disk_failure,train,111000001111000000
1,1,1,0,1,0,0,0,0,0,0,0,1,1,0,0,0,0,network_failure,train,111010000000110000
1,1,1,0,1,0,0,0,0,0,0,0,1,0,0,0,0,0,network_failure,train,111010000000100000
1,1,0,0,1,0,0,0,1,0,0,0,0,1,1,1,1,0,software_issue,train,110010001000011110
1,1,1,0,1,0,0,0,0,0,0,0,1,1,0,0,0,0,network_failure,train,111010000000110000
1,1,1,0,1,0,0,0,1,0,0,0,0,0,1,1,0,0,software_issue,train,111010001000001100
1,1,1,0,1,0,0,1,0,0,1,1,1,0,0,0,0,0,network_failure,test,111010010011100000
0,0,0,0,0,0,0,0,0,0,0,0,0,0,0,0,0,0,power_failure,train,000000000000000000
1,1,1,1,1,0,1,1,1,0,0,0,0,1,1,1,0,0,software_issue,train,111110111000011100
0,0,0,0,0,0,0,0,0,0,0,0,0,0,0,0,1,0,power_failure,train,000000000000000010
0,0,0,0,0,0,0,0,0,0,0,0,0,0,0,0,0,0,power_failure,train,000000000000000000
1,1,0,0,1,0,0,0,0,0,0,0,0,0,0,0,0,0,display_failure,test,110010000000000000
1,1,1,0,0,0,0,0,1,0,1,1,0,0,0,0,0,0,disk_failure,train,111000001011000000
1,1,1,0,1,0,0,0,0,1,1,0,0,0,0,0,1,0,disk_failure,test,111010000110000010
1,0,0,0,0,0,0,0,0,0,0,0,0,0,0,0,1,0,power_failure,test,100000000000000010
1,0,0,0,0,0,0,0,0,0,0,0,0,0,0,0,0,0,power_failure,train,100000000000000000
1,1,1,0,1,1,0,0,0,0,1,0,1,1,0,0,0,0,network_failure,train,111011000010110000
1,1,1,0,1,0,0,0,0,0,0,0,0,0,0,0,0,0,display_failure,train,111010000000000000
1,1,1,1,1,0,0,0,1,0,0,0,0,0,1,0,1,0,software_issue,train,111110001000001010
1,1,0,1,1,1,0,0,0,0,0,0,0,1,0,0,1,0,ram_failure,train,110111000000010010
1,1,1,0,1,0,0,0,1,1,0,1,0,0,1,0,0,0,disk_failure,validation,111010001101001000
1,1,0,1,0,0,0,0,0,0,0,1,0,0,1,0,0,0,ram_failure,validation,110100000001001000
1,1,1,0,1,0,0,0,0,0,0,0,0,0,0,0,0,1,ram_failure,validation,111010000000000001
1,1,0,0,1,1,1,0,0,1,0,0,0,0,0,0,0,1,overheating,train,110011100100000001
1,1,1,0,1,0,0,0,0,0,0,0,1,1,0,0,0,0,network_failure,train,111010000000110000
1,1,1,1,0,0,0,0,1,1,1,0,0,0,1,0,0,0,disk_failure,train,111100001110001000
1,1,1,0,1,0,0,0,0,0,0,0,1,1,0,0,0,0,network_failure,train,111010000000110000
1,1,1,1,1,1,1,1,0,0,0,0,0,0,0,0,0,1,overheating,train,111111110000000001
0,0,1,0,0,0,0,0,0,0,0,0,0,0,0,0,0,0,power_failure,validation,001000000000000000
0,1,1,0,1,0,0,0,1,0,0,0,0,0,1,1,1,0,software_issue,train,011010001000001110
1,0,0,0,0,0,0,0,0,0,0,0,0,0,0,0,0,0,power_failure,train,100000000000000000
1,1,1,1,1,1,1,0,0,0,0,0,0,0,0,0,0,0,overheating,train,111111100000000000
1,0,0,1,0,0,0,0,0,0,0,0,0,0,0,0,1,1,ram_failure,train,100100000000000011
1,1,1,0,1,0,0,0,0,0,0,0,1,1,0,0,0,0,network_failure,train,111010000000110000
1,1,1,0,0,0,0,0,0,0,0,0,0,0,1,0,1,0,software_issue,train,111000000000001010
1,1,1,0,1,1,1,1,0,0,0,0,0,0,0,0,0,0,overheating,validation,111011110000000000
1,1,1,0,0,0,1,0,1,1,1,1,0,0,0,0,0,0,disk_failure,test,111000101111000000
0,0,0,1,0,0,0,0,0,0,0,0,0,0,0,0,0,0,power_failure,train,000100000000000000
1,1,1,1,0,0,0,0,0,0,0,0,0,0,0,0,0,1,ram_failure,test,111100000000000001
1,1,1,0,1,1,0,0,0,1,1,0,0,0,1,0,0,0,disk_failure,train,111011000110001000
1,1,1,0,1,0,0,0,0,0,0,0,1,0,1,1,1,0,software_issue,train,111010000000101110
1,1,1,1,0,1,0,0,0,1,0,0,0,0,0,0,0,1,ram_failure,train,111101000100000001
1,1,1,0,1,1,1,0,0,0,0,0,0,1,1,0,0,0,overheating,train,111011100000011000
1,1,1,1,1,0,0,0,1,0,0,0,0,0,1,0,0,0,software_issue,train,111110001000001000
1,1,1,0,1,0,0,1,1,0,0,0,0,0,1,0,1,0,software_issue,test,111010011000001010
1,1,0,0,0,0,0,0,1,1,1,0,0,0,0,0,0,0,disk_failure,train,110000001110000000
0,1,0,0,0,0,0,0,0,0,0,0,0,0,1,0,0,0,power_failure,test,010000000000001000
1,1,1,1,1,1,1,1,0,0,0,0,0,0,0,0,0,0,overheating,validation,111111110000000000
1,1,1,0,1,0,0,0,0,0,0,0,0,0,1,1,1,0,software_issue,train,111010000000001110
1,1,1,1,1,0,0,0,1,0,0,0,0,0,0,1,0,0,software_issue,train,111110001000000100
1,1,1,0,1,1,0,0,0,0,0,0,0,0,0,0,0,0,overheating,train,111011000000000000
1,1,1,0,1,0,0,0,1,1,1,0,0,0,0,0,0,0,disk_failure,train,111010001110000000
1,1,0,0,1,0,1,1,0,0,0,0,0,0,0,0,0,1,overheating,train,110010110000000001
1,1,0,1,0,0,0,0,0,0,0,0,0,0,0,0,1,1,ram_failure,train,110100000000000011
1,1,1,0,1,0,0,1,1,0,0,0,0,0,1,1,1,0,software_issue,train,111010011000001110
1,1,1,0,1,0,0,0,1,0,0,0,0,0,1,0,1,0,software_issue,validation,111010001000001010
1,1,1,0,1,0,0,1,1,0,0,0,0,1,1,0,1,0,software_issue,validation,111010011000011010
1,1,1,0,1,0,1,0,1,1,0,0,0,0,0,1,0,0,software_issue,train,111010101100000100
0,0,0,0,0,1,0,0,0,0,0,0,0,0,0,0,0,0,power_failure,test,000001000000000000
1,1,0,0,0,0,0,1,0,0,0,0,0,0,0,0,0,0,ram_failure,train,110000010000000000
1,1,1,1,1,0,0,0,0,1,1,0,0,0,0,0,0,0,disk_failure,train,111110000110000000
1,1,1,0,0,0,0,0,1,1,1,1,0,0,0,0,0,0,disk_failure,train,111000001111000000
1,1,0,0,0,0,0,0,0,1,1,1,0,0,0,0,0,1,disk_failure,train,110000000111000001
1,1,1,0,1,0,0,1,1,1,1,0,0,0,0,0,0,1,disk_failure,test,111010011110000001
1,1,1,0,0,0,1,0,1,1,1,0,0,0,0,0,0,0,disk_failure,test,111000101110000000
1,1,1,0,1,0,0,0,0,0,0,0,0,0,1,1,1,0,software_issue,train,111010000000001110
1,1,0,1,0,0,0,0,0,0,0,0,0,0,0,0,0,1,ram_failure,train,110100000000000001
1,1,1,0,1,0,0,0,0,0,0,0,1,0,0,0,0,0,network_failure,train,111010000000100000
1,1,1,0,1,1,0,1,0,0,0,0,0,0,0,0,0,1,overheating,train,111011010000000001
1,1,1,1,1,1,1,0,0,0,0,0,1,0,0,0,0,0,overheating,train,111111100000100000
1,1,1,0,1,0,0,0,1,0,1,0,0,0,1,1,0,0,software_issue,train,111010001010001100
1,1,0,1,0,0,0,0,0,0,0,0,0,0,0,0,0,1,ram_failure,train,110100000000000001
1,1,1,1,0,0,0,0,0,0,0,0,0,0,0,0,0,1,ram_failure,test,111100000000000001
1,0,0,0,1,0,0,0,0,0,0,0,0,0,0,0,0,1,display_failure,train,100010000000000001
0,1,0,0,0,0,0,0,0,0,0,0,0,0,0,0,0,0,power_failure,train,010000000000000000
1,1,1,0,1,0,0,0,1,0,1,1,0,0,0,0,0,0,disk_failure,train,111010001011000000
1,1,0,1,1,0,0,0,0,0,0,0,0,0,0,0,0,1,ram_failure,train,110110000000000001
1,0,0,0,1,0,0,0,1,0,0,0,0,0,0,1,1,1,software_issue,train,100010001000000111
0,0,0,0,0,0,0,0,0,0,0,0,0,0,0,0,0,0,power_failure,train,000000000000000000
1,1,1,1,1,0,0,0,0,0,0,0,1,1,1,0,0,0,network_failure,train,111110000000111000
1,1,0,0,1,0,0,0,0,0,0,1,0,0,0,0,0,0,display_failure,test,110010000001000000
1,1,0,0,1,1,0,0,0,0,0,0,0,1,0,0,0,0,display_failure,validation,110011000000010000
1,1,1,0,0,0,0,0,1,1,1,1,0,0,0,0,0,0,disk_failure,train,111000001111000000
1,1,0,0,1,0,0,0,0,0,0,0,0,0,0,0,0,0,display_failure,test,110010000000000000
1,1,0,1,0,0,0,0,0,0,1,0,0,0,0,0,0,0,ram_failure,validation,110100000010000000
1,1,1,0,1,0,1,0,1,0,0,1,0,0,1,1,1,0,software_issue,train,111010101001001110
1,1,0,0,1,0,0,1,0,0,0,0,0,0,1,0,0,0,display_failure,train,110010010000001000
1,1,0,1,0,0,0,0,0,0,0,0,0,0,0,0,0,1,ram_failure,train,110100000000000001
1,1,1,0,1,0,0,0,1,0,0,0,0,0,1,1,0,0,software_issue,train,111010001000001100
0,0,0,0,1,0,0,0,0,0,0,0,0,0,1,0,0,0,display_failure,test,000010000000001000
1,1,1,0,1,0,0,0,1,0,0,0,0,0,1,1,1,0,software_issue,train,111010001000001110
1,1,0,0,1,1,1,0,1,0,0,0,0,0,1,1,1,0,software_issue,train,110011101000001110
1,1,1,0,0,0,0,0,1,1,1,1,0,0,0,0,0,1,disk_failure,train,111000001111000001
1,1,1,0,1,0,0,0,0,0,0,0,1,0,0,0,0,0,network_failure,train,111010000000100000
1,1,1,1,0,0,0,0,0,0,0,0,0,0,0,1,0,0,ram_failure,train,111100000000000100
1,1,1,0,1,0,0,0,0,0,0,1,0,0,1,1,1,0,software_issue,train,111010000001001110
1,1,0,0,0,1,1,0,0,0,0,0,0,0,0,0,1,0,display_failure,train,110001100000000010
1,1,1,0,1,0,1,0,1,0,0,0,1,1,0,0,0,0,network_failure,train,111010101000110000
1,0,0,0,1,1,0,0,0,0,0,0,0,0,0,0,0,0,display_failure,train,100011000000000000
1,1,1,0,1,1,1,0,0,0,0,0,0,0,0,0,0,0,overheating,train,111011100000000000
1,1,1,0,0,0,0,0,1,1,1,1,0,0,1,0,0,0,disk_failure,train,111000001111001000
1,1,0,0,1,0,1,0,0,0,0,0,0,0,0,0,1,0,display_failure,test,110010100000000010
1,1,1,0,1,0,0,0,0,0,0,0,1,1,0,0,0,0,network_failure,train,111010000000110000
1,1,1,0,1,0,0,0,1,0,0,0,0,0,1,1,0,0,software_issue,train,111010001000001100
1,1,1,0,1,0,0,0,1,0,1,0,0,0,0,0,0,0,disk_failure,validation,111010001010000000
1,1,1,0,1,0,0,0,1,0,0,0,0,0,1,0,1,0,software_issue,validation,111010001000001010
0,0,0,0,0,0,0,0,0,0,0,0,0,0,0,0,0,0,power_failure,train,000000000000000000
1,1,1,0,1,1,1,0,0,0,0,0,0,0,0,0,1,0,overheating,train,111011100000000010
0,1,1,1,1,1,1,1,0,0,0,0,0,0,0,0,0,0,overheating,validation,011111110000000000
1,0,1,0,1,1,1,1,0,0,0,0,0,0,0,0,0,0,overheating,train,101011110000000000
0,0,0,0,0,0,0,0,0,0,0,0,0,0,0,0,0,0,power_failure,train,000000000000000000
1,0,0,0,0,0,0,1,1,0,0,0,0,1,0,0,0,0,power_failure,train,100000011000010000
1,1,0,1,0,0,0,0,0,0,0,0,0,0,0,0,0,0,ram_failure,train,110100000000000000
1,0,0,0,0,0,0,0,0,0,0,0,0,0,0,0,0,0,power_failure,train,100000000000000000
1,1,1,0,1,0,0,1,0,0,0,0,1,1,0,0,0,0,network_failure,test,111010010000110000
1,1,0,1,0,0,0,0,0,0,0,0,0,0,0,0,0,1,ram_failure,train,110100000000000001
0,0,0,0,0,0,0,0,0,0,0,0,0,0,0,0,0,0,power_failure,train,000000000000000000
1,1,1,0,1,1,1,1,0,0,0,0,0,0,0,0,0,1,overheating,train,111011110000000001
1,1,1,0,1,0,1,0,1,0,0,0,0,0,0,0,1,0,software_issue,train,111010101000000010
1,1,0,1,1,0,0,0,0,0,0,0,0,0,0,1,0,1,ram_failure,train,110110000000000101
1,1,1,0,1,1,0,0,1,0,0,0,0,0,1,1,1,0,software_issue,test,111011001000001110
1,1,1,1,0,0,1,0,0,0,0,0,0,0,0,0,0,0,ram_failure,train,111100100000000000
1,1,1,0,1,0,0,0,0,1,0,0,1,0,0,0,0,0,network_failure,train,111010000100100000
0,0,0,0,0,0,0,0,0,0,0,0,0,0,0,0,1,0,power_failure,train,000000000000000010
1,1,1,1,0,0,0,0,0,0,0,0,1,0,0,0,0,0,ram_failure,train,111100000000100000
0,1,0,1,0,0,0,0,0,0,1,0,0,0,0,0,1,0,ram_failure,train,010100000010000010
1,1,0,0,1,1,1,1,0,0,0,0,0,0,0,0,0,0,overheating,train,110011110000000000
1,1,0,0,1,0,0,0,0,0,0,0,0,0,1,0,0,0,display_failure,validation,110010000000001000
1,1,1,0,1,1,1,1,0,0,0,0,0,0,0,0,0,0,overheating,validation,111011110000000000
1,1,0,0,0,0,0,0,0,0,0,0,0,0,0,0,0,0,display_failure,test,110000000000000000
1,1,1,0,1,0,0,0,1,0,1,1,0,0,0,0,0,0,disk_failure,train,111010001011000000
1,1,1,0,1,0,0,0,0,0,0,0,1,0,0,0,0,0,network_failure,train,111010000000100000
0,0,0,0,0,0,0,0,1,0,0,0,0,0,0,0,1,0,power_failure,train,000000001000000010
1,1,1,0,1,0,0,0,1,1,1,0,0,0,0,0,0,0,disk_failure,train,111010001110000000
1,1,0,1,0,0,0,0,0,0,0,0,0,0,0,0,0,1,ram_failure,train,110100000000000001
1,1,1,0,1,0,0,1,0,0,0,0,1,1,0,0,0,0,network_failure,test,111010010000110000
1,1,0,0,0,0,0,0,0,0,0,0,0,0,0,0,0,0,ram_failure,test,110000000000000000
1,0,0,0,0,0,0,0,0,0,0,0,0,0,1,0,0,0,power_failure,train,100000000000001000
1,1,0,0,1,0,0,0,0,0,0,0,0,1,0,0,0,0,display_failure,train,110010000000010000
1,1,1,1,1,0,1,0,1,0,0,0,0,0,1,1,1,0,software_issue,validation,111110101000001110
1,1,1,1,1,1,1,1,1,0,0,0,0,0,0,0,0,0,overheating,train,111111111000000000
1,1,1,0,1,0,1,0,1,1,1,1,0,0,0,0,0,0,disk_failure,test,111010101111000000
1,1,1,1,1,0,0,0,1,0,0,0,0,0,1,1,1,0,software_issue,train,111110001000001110
1,1,1,0,0,1,0,0,1,0,0,0,0,0,1,1,0,0,software_issue,validation,111001001000001100
1,1,1,0,0,0,0,1,1,1,0,1,0,0,0,0,1,0,disk_failure,train,111000011101000010
1,1,1,0,1,0,0,0,1,0,1,1,0,0,0,1,0,0,disk_failure,test,111010001011000100
1,1,1,0,1,1,0,1,0,0,0,0,0,0,0,0,0,1,overheating,train,111011010000000001
1,1,1,0,1,1,0,0,0,0,0,0,0,0,1,0,0,1,overheating,train,111011000000001001
1,1,1,0,0,1,0,0,1,1,1,0,0,0,0,0,0,0,disk_failure,train,111001001110000000
1,1,1,0,1,0,0,0,1,0,1,0,0,0,0,0,0,0,disk_failure,validation,111010001010000000
1,1,0,1,0,0,0,0,0,0,0,0,0,0,1,1,1,0,ram_failure,train,110100000000001110
1,1,0,0,1,0,0,0,1,0,0,0,1,1,0,0,0,0,network_failure,train,110010001000110000
1,1,1,0,0,1,1,1,0,0,0,0,0,0,0,0,0,1,overheating,test,111001110000000001
1,1,1,0,1,0,0,1,0,0,0,0,0,0,1,1,0,0,software_issue,train,111010010000001100
1,1,0,0,0,0,0,0,1,0,0,0,0,0,0,0,0,0,display_failure,train,110000001000000000
1,1,0,0,0,0,0,0,0,0,0,0,0,0,0,0,0,0,display_failure,test,110000000000000000
0,0,0,0,0,0,1,0,0,0,0,0,0,0,1,0,1,0,power_failure,train,000000100000001010
0,0,1,0,0,0,0,0,0,0,0,0,0,0,0,0,0,0,power_failure,validation,001000000000000000
0,0,0,0,0,0,0,0,1,0,0,0,0,0,0,0,0,0,power_failure,validation,000000001000000000
1,1,0,0,1,0,0,0,0,0,0,0,0,0,0,0,0,0,display_failure,test,110010000000000000
1,1,1,0,1,0,0,0,1,0,0,0,0,0,1,1,0,0,software_issue,train,111010001000001100
1,1,1,0,1,0,0,0,1,1,1,1,0,0,0,0,0,0,disk_failure,train,111010001111000000
1,1,0,1,0,0,0,0,0,0,0,1,0,0,0,0,0,0,ram_failure,train,110100000001000000
1,1,1,0,1,0,0,0,1,0,0,0,1,0,1,1,0,0,software_issue,validation,111010001000101100
1,1,0,0,1,0,1,0,1,0,0,0,0,0,0,0,0,0,software_issue,train,110010101000000000
1,0,0,1,0,0,0,0,0,0,0,0,0,0,0,0,0,0,ram_failure,train,100100000000000000
1,1,0,0,1,1,0,1,0,0,0,0,0,0,0,0,0,0,overheating,validation,110011010000000000
1,1,1,0,1,0,0,0,0,0,0,0,1,1,0,0,0,0,network_failure,train,111010000000110000
1,1,1,1,0,0,0,0,0,0,0,0,0,0,0,0,0,0,ram_failure,train,111100000000000000
1,1,1,0,1,0,0,0,0,0,0,0,1,1,0,0,0,0,network_failure,train,111010000000110000
1,1,1,0,1,0,0,0,1,1,0,0,0,1,1,1,1,0,software_issue,train,111010001100011110
1,1,0,0,0,0,0,0,1,0,0,0,0,0,0,0,0,0,display_failure,train,110000001000000000
1,1,1,0,1,0,0,0,1,0,0,0,0,0,1,1,1,0,software_issue,train,111010001000001110
1,1,1,1,1,0,0,0,0,0,0,0,0,1,1,1,1,0,software_issue,train,111110000000011110
1,1,1,0,1,0,0,0,1,0,0,0,0,0,1,1,0,0,software_issue,train,111010001000001100
1,1,0,1,0,0,0,0,0,0,0,0,0,0,0,1,0,1,ram_failure,train,110100000000000101
0,0,0,0,0,0,0,0,0,0,0,0,0,1,0,0,0,0,power_failure,validation,000000000000010000
1,1,0,0,0,0,0,0,0,1,0,0,0,0,0,0,0,0,display_failure,train,110000000100000000
1,1,1,1,1,0,0,0,0,0,0,0,0,0,0,0,0,1,ram_failure,train,111110000000000001
1,1,1,0,1,0,1,0,0,0,0,0,0,0,1,1,1,0,software_issue,train,111010100000001110
1,0,1,0,1,0,0,0,0,0,0,0,1,1,0,0,0,0,network_failure,train,101010000000110000
1,1,1,0,1,0,0,0,1,0,0,0,0,0,1,0,1,0,software_issue,validation,111010001000001010
1,1,1,0,1,1,1,1,0,0,0,0,0,0,0,0,0,1,overheating,train,111011110000000001
1,1,1,0,1,1,1,0,0,0,0,0,0,0,1,0,0,0,overheating,train,111011100000001000
1,1,1,0,1,1,1,1,1,0,0,0,0,0,0,0,0,0,overheating,train,111011111000000000
1,1,1,0,0,0,0,0,1,1,1,1,0,0,0,0,0,1,disk_failure,train,111000001111000001
1,1,0,1,0,0,0,0,0,0,0,0,0,0,0,0,0,0,ram_failure,train,110100000000000000
1,1,1,0,1,0,0,0,0,0,0,0,0,0,0,0,1,0,software_issue,train,111010000000000010
1,1,1,0,0,0,0,0,1,1,0,0,0,0,0,0,0,0,disk_failure,train,111000001100000000
1,1,1,0,1,0,0,0,1,0,0,0,0,0,1,1,1,0,software_issue,train,111010001000001110
1,0,0,1,0,0,0,0,0,0,0,0,0,0,0,0,0,1,ram_failure,validation,100100000000000001
1,1,1,0,1,0,0,0,0,0,0,0,1,0,0,0,1,0,network_failure,train,111010000000100010
1,1,1,0,1,0,0,0,1,0,0,0,0,0,1,0,0,0,software_issue,train,111010001000001000
1,1,1,0,1,0,0,0,1,0,0,0,0,0,1,1,1,0,software_issue,train,111010001000001110
1,1,0,1,0,0,0,0,0,0,1,0,0,0,0,0,0,1,ram_failure,train,110100000010000001
1,1,0,1,1,0,0,0,0,0,1,0,0,0,0,0,0,0,display_failure,train,110110000010000000
1,1,0,0,1,0,0,0,0,0,0,0,0,0,0,0,0,0,display_failure,test,110010000000000000
1,1,1,0,1,1,1,0,0,0,0,0,0,0,0,0,0,0,overheating,train,111011100000000000
1,0,0,1,0,1,0,0,0,0,0,0,0,0,0,0,0,1,ram_failure,train,100101000000000001
1,1,0,0,0,0,0,0,0,0,0,0,0,0,0,0,0,0,display_failure,test,110000000000000000
1,1,1,0,1,1,1,1,0,0,0,0,1,0,0,0,0,1,overheating,train,111011110000100001
1,1,1,0,1,1,1,1,0,0,0,0,0,0,0,0,0,0,overheating,validation,111011110000000000
1,1,1,0,1,1,1,1,1,0,0,0,0,0,0,0,0,1,overheating,validation,111011111000000001
0,0,0,0,0,0,0,0,0,0,0,0,0,0,0,0,0,0,power_failure,train,000000000000000000
0,0,0,0,0,0,0,0,0,0,0,0,0,0,0,0,0,0,power_failure,train,000000000000000000
1,1,1,1,1,1,1,1,0,0,0,0,0,0,0,0,0,0,overheating,validation,111111110000000000
1,1,0,0,0,0,0,0,1,0,0,0,0,0,0,0,0,1,ram_failure,test,110000001000000001
0,0,0,0,0,0,0,0,0,0,0,0,1,0,0,0,0,0,power_failure,train,000000000000100000
1,1,1,1,0,0,0,0,0,0,0,0,0,0,0,0,0,1,ram_failure,test,111100000000000001
1,1,1,0,1,1,1,1,0,0,0,0,0,0,0,0,0,0,overheating,validation,111011110000000000
0,0,0,0,0,0,0,0,0,0,0,0,0,0,0,0,0,1,power_failure,test,000000000000000001
1,1,1,0,1,0,0,0,0,0,1,0,0,0,0,0,0,0,disk_failure,train,111010000010000000
1,1,0,1,0,0,0,0,0,0,1,0,0,0,0,1,0,1,ram_failure,train,110100000010000101
1,1,1,0,1,1,1,1,0,0,0,0,0,0,0,0,0,1,overheating,train,111011110000000001
1,1,1,0,1,1,1,1,0,0,0,0,0,0,0,0,0,0,overheating,validation,111011110000000000
1,1,0,1,1,0,0,0,0,0,0,0,0,0,0,0,0,0,ram_failure,train,110110000000000000
0,0,0,0,0,0,0,0,0,1,0,0,0,0,0,0,0,0,power_failure,train,000000000100000000
1,1,1,0,1,0,0,0,1,0,0,0,0,0,0,1,1,0,software_issue,test,111010001000000110
1,1,1,0,1,0,0,0,0,0,0,0,1,1,0,0,0,0,network_failure,train,111010000000110000
1,1,0,1,0,0,0,0,0,0,0,0,0,0,0,0,0,0,ram_failure,train,110100000000000000
0,0,1,0,0,0,0,0,0,0,0,0,0,0,0,0,0,0,power_failure,validation,001000000000000000
1,1,0,1,0,0,0,0,0,1,0,0,0,0,0,0,0,1,ram_failure,validation,110100000100000001
1,1,1,0,1,0,0,0,0,0,0,0,1,0,0,0,0,0,network_failure,train,111010000000100000
0,0,0,0,0,0,0,0,0,0,0,0,0,0,0,0,0,0,power_failure,train,000000000000000000
1,1,1,0,1,0,0,0,0,1,0,0,1,1,0,0,0,0,network_failure,train,111010000100110000
1,0,1,0,1,1,0,1,0,0,1,1,0,0,0,0,0,0,overheating,train,101011010011000000
1,1,1,0,1,0,0,0,0,0,0,0,0,0,1,1,0,0,software_issue,validation,111010000000001100
1,1,0,1,0,0,0,0,0,0,0,0,0,0,0,0,0,1,ram_failure,train,110100000000000001
1,1,0,0,1,0,0,0,0,0,0,0,0,0,0,0,0,0,display_failure,test,110010000000000000
1,1,1,0,1,0,0,1,1,0,0,1,0,0,1,1,1,0,software_issue,train,111010011001001110
0,0,0,0,0,0,0,0,0,0,0,0,0,1,0,0,1,0,power_failure,train,000000000000010010
1,0,1,1,0,0,0,0,0,0,0,0,0,0,0,0,0,0,ram_failure,train,101100000000000000
1,1,0,1,0,0,0,0,0,0,0,0,0,0,0,0,0,1,ram_failure,train,110100000000000001
0,0,0,0,0,1,0,0,0,0,0,0,0,0,0,0,0,0,power_failure,test,000001000000000000
1,1,0,0,1,1,1,1,0,0,0,0,0,0,0,1,0,1,overheating,train,110011110000000101
0,0,0,0,0,0,0,0,0,0,0,0,0,0,0,0,0,0,power_failure,train,000000000000000000
1,0,0,0,1,0,0,0,0,0,0,0,0,0,0,0,0,0,display_failure,validation,100010000000000000
1,1,0,1,0,0,0,0,0,0,0,0,0,0,0,0,0,0,ram_failure,train,110100000000000000
1,1,0,0,1,0,0,0,0,1,0,0,0,0,0,0,0,0,display_failure,train,110010000100000000
1,1,1,0,0,1,1,0,0,0,0,0,0,0,0,0,0,0,overheating,train,111001100000000000
0,0,0,0,0,0,0,0,0,0,0,0,0,0,0,0,0,0,power_failure,train,000000000000000000
1,1,0,1,0,0,0,0,1,0,0,0,0,0,0,0,0,1,ram_failure,train,110100001000000001
1,1,1,0,0,0,0,0,1,1,1,1,0,0,1,0,0,0,disk_failure,train,111000001111001000
1,1,1,0,1,0,0,0,1,0,0,0,0,0,1,1,1,0,software_issue,train,111010001000001110
1,1,0,0,1,0,1,0,1,0,0,0,0,0,1,0,0,0,software_issue,train,110010101000001000
1,1,1,0,1,1,1,0,0,0,0,0,0,0,0,0,0,0,overheating,train,111011100000000000
1,1,0,0,1,0,0,0,0,0,0,0,0,0,0,0,0,0,display_failure,test,110010000000000000
1,1,1,0,1,1,1,1,0,0,0,0,0,0,0,0,0,0,overheating,validation,111011110000000000
0,0,0,0,0,0,0,1,0,0,0,0,0,0,0,0,1,0,power_failure,test,000000010000000010
1,1,1,0,1,0,0,0,1,0,0,0,0,0,0,1,1,0,software_issue,test,111010001000000110
1,1,1,0,1,1,1,1,0,0,0,0,0,0,0,0,0,1,overheating,train,111011110000000001
1,1,0,0,1,0,0,0,0,0,0,1,0,0,0,0,0,0,display_failure,test,110010000001000000
1,0,1,0,1,0,0,0,0,1,1,1,0,0,0,1,0,0,disk_failure,test,101010000111000100
1,1,1,0,1,1,1,1,0,0,0,0,0,0,0,0,0,1,overheating,train,111011110000000001
1,1,1,0,1,0,0,0,1,0,0,0,0,0,1,1,0,0,software_issue,train,111010001000001100
1,1,0,0,0,0,0,0,0,0,0,0,0,0,0,0,0,0,display_failure,test,110000000000000000
1,1,0,1,0,0,0,0,0,0,0,0,0,0,0,0,0,1,ram_failure,train,110100000000000001
1,1,1,0,1,1,1,0,0,0,0,0,0,0,0,0,0,0,overheating,train,111011100000000000
1,1,0,0,1,0,0,0,0,0,0,0,0,0,0,0,0,0,display_failure,test,110010000000000000
1,1,0,1,0,0,0,0,0,0,0,0,0,0,0,0,0,1,ram_failure,train,110100000000000001
1,1,1,1,0,0,0,0,0,0,0,0,0,0,0,0,0,1,ram_failure,test,111100000000000001
1,1,1,0,1,0,0,0,1,0,0,0,0,0,1,1,1,0,software_issue,train,111010001000001110
1,1,0,0,0,0,0,0,0,0,0,0,0,0,0,0,0,0,display_failure,test,110000000000000000
1,1,1,0,0,0,1,0,1,1,1,1,0,0,0,0,1,0,disk_failure,train,111000101111000010
1,1,0,1,1,0,0,0,0,0,0,0,0,0,0,0,0,1,ram_failure,train,110110000000000001
1,1,0,1,0,0,0,0,0,0,0,0,0,0,0,0,0,0,ram_failure,train,110100000000000000
1,0,0,0,1,0,0,0,0,0,0,0,0,0,0,0,0,0,display_failure,validation,100010000000000000
1,1,1,0,1,1,1,0,0,0,0,0,0,0,1,0,0,0,overheating,train,111011100000001000
1,1,0,0,0,0,0,0,0,0,0,0,0,0,0,0,0,0,display_failure,test,110000000000000000
1,1,0,0,1,0,0,0,0,0,0,0,0,0,0,0,0,0,display_failure,test,110010000000000000
1,1,1,0,0,0,0,0,1,1,0,1,0,0,0,0,0,1,disk_failure,validation,111000001101000001
1,1,0,1,0,0,0,1,0,0,0,0,0,0,0,0,0,0,display_failure,validation,110100010000000000
0,1,0,1,0,0,0,0,0,0,0,0,0,0,0,0,0,1,ram_failure,train,010100000000000001
1,1,1,1,1,0,0,0,1,1,1,1,0,0,0,1,0,0,disk_failure,test,111110001111000100
1,1,1,0,1,0,0,0,0,0,0,0,0,1,1,1,1,0,software_issue,test,111010000000011110
1,1,1,0,1,1,1,0,0,0,1,0,0,1,0,0,0,0,overheating,train,111011100010010000
1,1,1,0,1,1,1,1,0,0,0,0,1,0,0,0,0,0,overheating,test,111011110000100000
1,1,1,0,1,0,0,0,0,0,0,0,1,1,0,0,0,0,network_failure,train,111010000000110000
1,1,0,1,0,0,0,0,0,0,0,0,0,1,0,0,0,1,ram_failure,train,110100000000010001
1,1,1,0,1,0,0,0,1,1,1,0,0,0,0,0,0,0,disk_failure,train,111010001110000000
1,1,0,0,1,0,0,0,0,0,0,0,0,1,0,0,0,0,display_failure,train,110010000000010000
1,1,1,1,0,0,0,1,0,0,0,0,0,0,0,0,0,1,ram_failure,test,111100010000000001
1,1,1,1,1,0,0,0,0,0,0,0,1,1,0,0,0,0,network_failure,validation,111110000000110000
0,0,0,0,0,0,0,0,0,0,0,0,0,1,0,0,0,0,power_failure,validation,000000000000010000
1,1,1,0,1,0,0,1,0,0,0,0,1,0,0,0,0,0,network_failure,train,111010010000100000
1,1,1,0,1,0,0,0,1,0,0,0,0,0,1,1,0,0,software_issue,train,111010001000001100
0,0,0,0,0,0,0,0,0,0,0,0,0,0,0,0,0,0,power_failure,train,000000000000000000
1,1,1,0,1,0,0,0,0,0,0,0,0,1,0,0,0,0,display_failure,test,111010000000010000
0,0,0,0,0,0,0,1,0,0,0,0,0,0,0,0,0,0,power_failure,train,000000010000000000
0,0,0,0,0,0,0,1,0,0,1,0,0,0,0,0,0,0,power_failure,train,000000010010000000
0,0,0,0,0,0,0,0,0,0,0,0,0,0,0,0,0,0,power_failure,train,000000000000000000
1,1,1,0,0,0,0,0,1,1,1,0,0,0,0,0,0,0,disk_failure,train,111000001110000000
1,1,0,1,1,0,0,1,0,0,0,0,0,0,0,0,0,0,ram_failure,train,110110010000000000
1,1,0,0,1,0,0,0,0,0,0,0,0,0,0,0,0,0,display_failure,test,110010000000000000
1,1,1,0,0,0,0,0,0,1,1,1,0,0,0,0,0,0,disk_failure,train,111000000111000000
1,1,1,0,1,1,1,1,0,0,0,0,0,0,0,0,0,0,overheating,validation,111011110000000000
1,1,1,0,1,0,0,0,1,1,1,1,1,0,0,0,0,0,disk_failure,train,111010001111100000
1,1,0,1,1,0,0,0,0,0,0,0,0,0,0,0,0,1,ram_failure,train,110110000000000001
1,1,0,1,1,0,0,0,0,0,0,0,0,0,0,0,0,1,ram_failure,train,110110000000000001
1,0,0,0,1,0,0,0,0,0,0,0,0,0,0,0,0,0,display_failure,validation,100010000000000000
1,1,1,0,1,1,1,0,0,0,0,0,0,0,0,0,0,0,overheating,train,111011100000000000
1,0,0,1,1,0,0,0,0,0,0,0,0,0,0,0,0,0,ram_failure,test,100110000000000000
1,1,1,0,1,0,0,0,1,0,0,0,0,0,1,0,1,0,software_issue,validation,111010001000001010
1,1,0,0,1,0,0,0,0,0,0,0,0,0,0,1,0,0,display_failure,validation,110010000000000100
1,1,1,0,1,0,0,0,0,0,0,0,0,0,1,1,1,0,software_issue,train,111010000000001110
1,1,1,0,1,1,0,0,0,0,0,0,1,1,0,0,0,0,network_failure,train,111011000000110000
1,1,1,0,1,0,0,0,0,0,0,0,1,1,1,0,0,0,network_failure,train,111010000000111000
1,1,0,0,1,0,0,0,0,0,1,0,0,0,0,0,0,0,display_failure,train,110010000010000000
1,1,1,0,1,1,0,1,0,0,0,0,0,0,0,0,0,0,overheating,train,111011010000000000
1,1,1,1,0,0,0,0,0,0,0,0,0,0,0,0,0,1,ram_failure,test,111100000000000001
1,1,0,1,0,0,0,0,0,0,0,0,0,0,0,0,0,0,ram_failure,train,110100000000000000
1,1,1,0,1,1,0,0,1,0,0,1,0,0,1,1,1,0,software_issue,train,111011001001001110
1,1,0,1,0,0,0,0,0,0,0,0,0,0,1,0,1,0,ram_failure,train,110100000000001010
1,1,0,0,1,0,0,0,0,0,0,0,0,0,0,0,0,0,display_failure,test,110010000000000000
1,1,1,0,1,1,0,1,0,0,0,0,0,0,0,0,0,0,overheating,train,111011010000000000
1,1,0,0,0,0,0,0,0,0,0,0,0,0,0,0,0,0,display_failure,test,110000000000000000
1,1,1,0,1,0,0,0,0,0,0,0,1,1,1,0,0,0,network_failure,train,111010000000111000
1,1,1,0,0,0,0,0,1,1,1,0,0,0,0,0,0,0,disk_failure,train,111000001110000000
0,0,0,0,0,0,0,0,0,0,0,0,1,0,0,0,0,0,power_failure,train,000000000000100000
1,1,1,0,1,0,0,0,1,0,0,0,0,0,1,0,1,0,software_issue,validation,111010001000001010
1,1,1,0,1,0,0,0,1,0,1,0,0,0,0,0,0,0,disk_failure,validation,111010001010000000
1,1,1,0,1,1,1,1,0,0,0,0,0,0,0,0,0,1,overheating,train,111011110000000001
1,1,1,0,1,0,0,0,1,1,1,0,0,0,0,0,0,0,disk_failure,train,111010001110000000
1,1,0,0,0,0,0,1,0,0,0,0,0,0,1,0,0,0,display_failure,test,110000010000001000
1,1,1,0,0,1,0,0,0,0,0,0,0,0,0,0,0,1,ram_failure,train,111001000000000001
1,1,1,0,0,0,0,1,1,0,1,1,0,0,0,0,0,0,disk_failure,train,111000011011000000
1,1,1,0,1,0,0,0,1,0,1,1,0,0,0,0,0,0,disk_failure,train,111010001011000000
0,0,0,0,0,0,0,0,0,0,0,0,0,0,0,0,0,0,power_failure,train,000000000000000000
1,1,1,0,1,0,0,0,0,0,0,0,1,1,0,0,0,0,network_failure,train,111010000000110000
1,1,0,0,1,0,0,0,0,0,0,0,0,0,0,0,0,0,display_failure,test,110010000000000000
1,1,1,0,1,0,0,0,1,0,0,0,0,0,0,1,1,0,software_issue,test,111010001000000110
1,1,1,0,1,0,0,0,1,0,0,0,0,0,1,1,0,0,software_issue,train,111010001000001100
1,1,1,0,1,0,0,0,1,1,1,0,0,0,0,0,1,0,disk_failure,train,111010001110000010
1,1,0,0,1,1,1,1,0,0,0,0,0,0,0,0,0,0,overheating,train,110011110000000000
0,0,0,0,0,0,0,0,0,0,0,0,0,0,0,0,0,0,power_failure,train,000000000000000000
0,1,0,1,0,0,0,0,0,0,0,0,0,0,0,0,0,0,ram_failure,validation,010100000000000000
1,1,1,0,1,1,0,0,0,0,0,0,1,1,0,0,0,0,network_failure,train,111011000000110000
1,1,1,0,1,0,0,0,0,0,0,0,1,1,0,0,0,0,network_failure,train,111010000000110000
1,1,0,0,0,0,0,0,0,0,1,1,0,0,0,0,0,1,ram_failure,train,110000000011000001
1,1,1,0,1,0,0,0,1,0,1,1,1,0,0,0,0,0,disk_failure,train,111010001011100000
1,1,1,0,0,0,0,0,1,1,1,1,0,1,0,0,0,0,disk_failure,train,111000001111010000
0,1,1,1,0,0,0,0,0,0,0,0,0,0,0,0,0,1,ram_failure,train,011100000000000001
1,1,1,0,0,0,0,0,1,1,1,0,0,0,1,0,0,0,disk_failure,train,111000001110001000
0,0,0,0,0,1,0,0,0,0,0,0,0,0,0,0,0,0,power_failure,test,000001000000000000
0,0,0,0,0,0,0,0,1,0,0,0,0,0,0,0,0,0,power_failure,validation,000000001000000000
1,1,1,0,1,0,0,0,1,0,0,0,0,0,1,1,1,0,software_issue,train,111010001000001110
1,1,1,1,1,0,1,0,1,0,0,0,1,0,1,1,1,0,software_issue,train,111110101000101110
1,1,0,1,0,0,0,0,0,0,0,0,0,0,1,0,0,0,ram_failure,train,110100000000001000
1,1,1,0,1,1,1,1,0,0,0,0,0,0,0,0,0,0,overheating,validation,111011110000000000
0,0,0,0,0,0,0,0,0,0,0,0,0,0,0,0,0,0,power_failure,train,000000000000000000
1,1,1,0,1,0,0,0,1,0,1,1,0,0,0,0,0,1,disk_failure,train,111010001011000001
1,1,0,0,0,0,0,0,0,0,0,0,0,0,0,0,0,0,display_failure,test,110000000000000000
1,1,1,0,0,0,0,0,0,1,1,0,0,0,0,0,0,0,disk_failure,train,111000000110000000
0,0,0,0,0,0,0,0,0,0,0,0,0,0,0,0,0,0,power_failure,train,000000000000000000
1,1,1,0,1,1,1,0,0,0,0,0,0,0,0,0,0,1,overheating,test,111011100000000001
1,1,0,0,1,0,0,0,0,0,0,0,0,0,0,0,0,0,display_failure,test,110010000000000000
1,1,1,0,1,0,0,0,0,0,0,0,1,0,0,0,0,0,network_failure,train,111010000000100000
1,0,1,1,0,0,0,0,0,0,0,0,0,0,0,0,0,1,ram_failure,train,101100000000000001
1,1,1,0,1,1,0,0,0,0,0,0,1,0,1,0,0,0,network_failure,train,111011000000101000
1,1,0,1,0,1,0,0,0,0,0,0,0,0,0,0,0,1,ram_failure,train,110101000000000001
0,0,0,1,0,0,0,0,0,0,0,0,0,0,0,0,0,0,power_failure,train,000100000000000000
1,1,1,0,1,0,0,0,1,0,0,0,0,0,1,0,0,0,software_issue,train,111010001000001000
1,1,1,0,1,0,1,0,1,1,1,1,1,0,0,0,0,0,disk_failure,train,111010101111100000
1,1,1,0,1,1,1,1,0,0,0,0,0,0,0,0,0,0,overheating,validation,111011110000000000
1,1,1,0,1,0,0,0,1,0,0,0,0,0,1,1,1,0,software_issue,train,111010001000001110
0,1,0,1,0,0,0,0,0,0,0,0,1,0,0,1,0,0,ram_failure,test,010100000000100100
0,0,0,0,0,0,0,0,0,0,0,0,0,0,1,1,0,0,power_failure,train,000000000000001100
1,1,1,0,1,0,0,0,0,0,0,0,1,1,0,0,0,0,network_failure,train,111010000000110000
1,1,0,0,1,0,0,0,0,0,0,0,0,0,0,0,0,0,display_failure,test,110010000000000000
0,0,0,0,0,0,0,1,0,0,0,0,0,0,0,0,0,0,power_failure,train,000000010000000000
0,1,0,0,0,0,0,0,0,0,0,0,0,0,0,0,0,0,power_failure,train,010000000000000000
0,0,0,0,0,0,0,0,0,0,0,0,0,0,0,0,0,0,power_failure,train,000000000000000000
1,1,1,0,1,1,1,0,0,0,0,0,0,0,1,0,0,0,overheating,train,111011100000001000
0,0,0,0,0,0,0,0,0,0,0,0,0,0,0,0,0,0,power_failure,train,000000000000000000
1,1,0,1,0,0,0,0,0,0,0,0,0,0,0,0,0,0,ram_failure,train,110100000000000000
0,0,0,0,0,1,0,0,0,0,0,0,0,0,0,0,0,0,power_failure,test,000001000000000000
1,1,1,0,1,1,1,1,0,0,0,0,0,0,0,0,0,0,overheating,validation,111011110000000000
1,1,0,1,0,0,1,0,0,0,0,0,0,0,0,0,0,1,ram_failure,train,110100100000000001
1,1,0,0,1,1,0,0,0,0,0,0,0,0,0,0,0,0,display_failure,train,110011000000000000
0,0,0,0,0,0,0,0,0,0,0,0,0,0,0,0,0,0,power_failure,train,000000000000000000
1,1,1,0,1,1,1,1,0,0,0,0,0,0,0,0,0,0,overheating,validation,111011110000000000
1,1,1,0,1,0,0,0,0,0,1,0,0,0,0,1,0,0,software_issue,train,111010000010000100
0,1,0,0,1,0,0,0,0,0,0,0,1,0,0,0,0,0,network_failure,train,010010000000100000
1,1,1,0,1,0,0,0,0,0,0,0,0,0,1,1,1,0,software_issue,train,111010000000001110
0,1,0,0,0,0,0,0,0,0,0,0,0,0,0,0,0,0,power_failure,train,010000000000000000
1,1,1,0,1,1,0,1,0,0,0,0,1,1,0,0,0,0,network_failure,train,111011010000110000
1,1,1,0,0,0,0,0,1,0,1,1,1,0,1,0,1,0,disk_failure,test,111000001011101010
1,1,1,0,0,0,0,0,1,0,1,0,0,0,0,0,0,0,disk_failure,test,111000001010000000
1,1,1,1,0,0,0,0,0,0,0,0,0,0,0,1,0,1,ram_failure,train,111100000000000101
1,1,0,0,1,0,0,0,0,0,0,0,1,0,0,0,0,0,network_failure,train,110010000000100000
1,1,1,0,1,0,0,0,0,0,0,0,1,1,0,0,0,0,network_failure,train,111010000000110000
1,1,1,0,0,0,0,0,1,1,1,0,0,0,0,0,0,0,disk_failure,train,111000001110000000
1,1,1,0,0,0,0,0,0,1,1,0,0,0,0,1,1,0,disk_failure,train,111000000110000110
1,1,1,0,1,0,0,0,0,0,0,0,1,0,0,0,0,1,network_failure,train,111010000000100001
1,1,1,0,1,0,0,0,0,0,0,0,1,1,0,0,0,0,network_failure,train,111010000000110000
1,1,0,1,0,0,0,1,0,0,0,0,0,0,0,0,0,1,ram_failure,train,110100010000000001
1,1,1,0,1,0,0,0,1,1,1,0,0,0,0,0,1,0,disk_failure,train,111010001110000010
1,1,0,1,0,0,0,0,0,0,0,0,0,0,0,0,0,1,ram_failure,train,110100000000000001
1,1,1,0,1,0,0,0,1,0,0,0,0,0,1,1,1,0,software_issue,train,111010001000001110
1,0,0,0,0,0,0,0,0,0,0,0,0,0,0,0,1,0,power_failure,test,100000000000000010
1,1,1,0,1,1,1,1,0,0,0,0,1,0,0,0,0,0,overheating,test,111011110000100000
1,1,0,0,1,0,0,0,0,0,0,0,0,0,0,0,0,0,display_failure,test,110010000000000000
1,0,1,1,0,0,0,0,0,0,0,0,0,0,0,0,0,1,ram_failure,train,101100000000000001
1,1,1,0,0,0,0,0,0,1,1,1,0,0,1,0,0,0,disk_failure,train,111000000111001000
1,1,1,0,1,1,1,0,0,0,0,0,0,0,0,0,0,0,overheating,train,111011100000000000
0,0,0,0,0,0,0,0,0,0,0,0,0,0,0,1,0,0,power_failure,train,000000000000000100
0,0,0,0,0,0,0,0,0,0,0,0,0,0,0,0,0,0,power_failure,train,000000000000000000
1,1,1,1,1,0,0,0,0,0,0,0,1,0,0,0,0,0,network_failure,test,111110000000100000
1,1,1,0,1,0,0,0,1,0,0,0,0,0,1,0,1,0,software_issue,validation,111010001000001010
1,1,0,0,0,0,0,0,0,0,0,0,0,0,0,0,0,0,display_failure,test,110000000000000000
1,1,0,1,0,0,0,0,0,0,0,0,0,0,0,0,0,1,ram_failure,train,110100000000000001
1,1,0,0,0,0,0,1,0,0,0,0,0,0,0,1,0,0,display_failure,train,110000010000000100
1,1,1,0,0,0,0,0,1,1,1,0,0,1,0,0,0,0,disk_failure,train,111000001110010000
1,1,1,0,1,0,0,0,0,0,0,0,1,1,0,0,0,0,network_failure,train,111010000000110000
1,1,0,0,0,0,0,1,0,0,0,0,0,0,1,0,0,0,display_failure,test,110000010000001000
0,0,0,0,0,1,0,0,0,0,0,0,0,0,0,1,0,0,power_failure,test,000001000000000100
1,1,1,0,1,0,0,0,1,1,1,0,0,0,0,0,0,0,disk_failure,train,111010001110000000
1,1,0,1,0,0,0,0,0,0,0,1,0,0,0,0,0,1,ram_failure,train,110100000001000001
1,1,0,1,0,0,0,0,0,0,0,0,0,0,0,0,0,0,ram_failure,train,110100000000000000
1,1,1,0,1,1,1,0,0,0,0,1,0,0,0,0,0,0,overheating,train,111011100001000000
1,0,1,0,1,1,0,1,0,0,0,0,0,0,0,0,0,0,overheating,train,101011010000000000
1,1,1,0,1,0,0,0,1,0,0,0,0,0,1,0,1,0,software_issue,validation,111010001000001010
1,1,1,0,0,0,0,0,1,1,1,0,0,0,0,0,0,0,disk_failure,train,111000001110000000
1,1,1,0,1,0,0,0,0,1,1,0,1,0,0,1,0,0,network_failure,test,111010000110100100
0,0,0,0,0,0,0,0,0,0,0,0,0,0,1,0,0,0,power_failure,train,000000000000001000
1,1,0,0,1,0,0,0,0,0,0,0,0,0,1,0,0,0,display_failure,validation,110010000000001000
1,1,1,0,1,0,0,0,1,0,0,0,0,0,1,1,0,0,software_issue,train,111010001000001100
1,1,1,0,1,0,0,0,0,0,0,0,0,0,1,1,1,0,software_issue,train,111010000000001110
1,1,1,0,1,0,0,1,0,1,0,0,1,1,0,0,0,0,network_failure,train,111010010100110000
1,1,0,0,1,0,0,1,0,0,0,0,0,0,0,0,0,0,display_failure,train,110010010000000000
1,1,1,0,1,0,0,0,1,0,0,1,0,0,0,1,1,0,software_issue,train,111010001001000110
1,1,1,0,1,1,1,1,0,0,0,0,0,0,0,0,0,1,overheating,train,111011110000000001
1,1,0,0,1,1,1,1,0,0,0,0,0,0,0,0,0,0,overheating,train,110011110000000000
1,1,0,1,0,0,0,0,0,0,0,0,0,0,0,0,0,1,ram_failure,train,110100000000000001
1,1,1,0,0,1,0,0,0,0,1,1,0,0,0,0,0,0,disk_failure,train,111001000011000000
1,1,0,0,1,0,0,0,0,0,0,0,0,0,0,0,0,0,display_failure,test,110010000000000000
1,0,1,0,0,0,0,0,0,1,0,0,0,0,0,0,0,0,disk_failure,train,101000000100000000
0,1,0,1,0,0,0,0,0,0,0,0,0,1,0,0,0,0,ram_failure,train,010100000000010000
1,1,1,0,0,0,1,0,1,0,1,0,0,0,0,0,0,1,disk_failure,train,111000101010000001
1,1,0,1,1,1,0,0,0,0,0,0,0,0,0,0,0,0,ram_failure,train,110111000000000000
1,1,1,0,1,0,0,0,0,0,0,0,0,0,1,1,1,0,software_issue,train,111010000000001110
1,1,1,0,1,0,1,0,0,0,0,0,0,0,0,0,0,0,network_failure,train,111010100000000000
1,1,1,1,1,1,1,0,0,0,0,0,0,0,0,0,0,0,overheating,train,111111100000000000
1,1,1,0,1,0,0,0,0,0,0,0,1,1,0,0,0,0,network_failure,train,111010000000110000
1,1,1,0,1,1,1,1,0,0,0,0,0,0,0,0,0,0,overheating,validation,111011110000000000
1,1,1,1,0,0,0,0,1,1,1,1,0,0,1,0,0,0,disk_failure,train,111100001111001000
1,1,0,0,0,0,0,0,0,0,0,0,0,0,0,1,0,0,display_failure,train,110000000000000100
1,1,1,0,1,0,1,0,0,0,0,0,1,1,0,0,0,0,network_failure,validation,111010100000110000
1,1,1,0,1,0,0,0,0,1,0,0,1,0,0,0,0,0,network_failure,train,111010000100100000
1,1,0,1,0,0,0,0,1,0,0,0,0,0,0,0,0,0,ram_failure,validation,110100001000000000
1,1,1,0,1,0,0,0,1,1,1,0,0,0,0,0,0,0,disk_failure,train,111010001110000000
1,1,1,0,1,0,0,0,0,0,0,0,1,1,1,0,0,0,network_failure,train,111010000000111000
1,1,0,0,1,0,0,0,0,0,0,0,0,0,0,0,0,0,display_failure,test,110010000000000000
1,1,1,0,1,1,0,0,0,0,0,0,0,0,0,0,0,0,overheating,train,111011000000000000
1,1,1,0,1,1,1,1,0,0,0,0,0,0,0,0,0,1,overheating,train,111011110000000001
1,1,1,0,1,0,0,0,1,1,1,0,0,0,0,0,0,0,disk_failure,train,111010001110000000
1,1,1,0,1,0,0,0,1,0,1,0,0,0,1,0,0,0,disk_failure,train,111010001010001000
0,0,0,0,0,0,0,0,0,0,0,0,0,0,0,0,0,0,power_failure,train,000000000000000000
1,1,1,0,1,0,0,0,1,0,0,0,0,0,0,1,1,0,software_issue,test,111010001000000110
1,1,1,0,1,0,0,0,0,0,0,1,1,1,0,0,1,0,network_failure,validation,111010000001110010
1,1,1,0,1,0,0,0,0,0,0,0,0,0,1,1,1,0,software_issue,train,111010000000001110
0,0,0,0,0,1,0,0,0,0,0,0,0,0,0,1,0,0,power_failure,test,000001000000000100
1,1,1,0,0,0,0,0,1,0,0,0,0,0,1,0,1,0,software_issue,train,111000001000001010
0,0,0,0,0,0,0,0,1,0,0,0,0,0,0,0,0,0,power_failure,validation,000000001000000000
1,1,0,1,1,0,0,0,0,0,1,0,0,0,0,0,1,1,ram_failure,train,110110000010000011
1,1,1,0,1,0,1,0,1,0,0,0,0,0,1,0,0,0,software_issue,train,111010101000001000
1,1,0,1,0,0,0,0,0,0,0,0,0,0,0,0,0,0,ram_failure,train,110100000000000000
1,1,1,0,0,0,0,0,0,1,1,0,0,0,0,0,0,0,disk_failure,train,111000000110000000
1,1,1,0,0,1,1,1,0,0,0,0,0,0,0,1,0,0,overheating,train,111001110000000100
1,1,0,1,0,0,0,0,0,0,0,0,0,0,0,0,0,0,ram_failure,train,110100000000000000
1,1,0,0,1,0,0,0,0,0,0,0,0,0,0,0,0,0,display_failure,test,110010000000000000
1,1,1,0,1,0,0,0,1,0,1,0,0,0,1,1,0,0,software_issue,train,111010001010001100
1,1,1,0,1,1,1,0,0,0,0,0,0,0,0,0,0,1,overheating,test,111011100000000001
1,1,1,0,1,0,0,0,0,0,0,0,1,0,0,0,0,1,network_failure,train,111010000000100001
1,1,1,0,1,1,1,1,0,0,0,0,0,0,0,0,0,1,overheating,train,111011110000000001
0,0,0,0,0,0,0,0,0,0,0,0,0,0,0,0,0,1,power_failure,test,000000000000000001
1,1,1,0,1,0,0,0,1,0,0,0,1,1,1,0,0,0,network_failure,validation,111010001000111000
1,1,0,0,1,1,0,1,0,0,0,0,0,1,1,0,0,0,overheating,train,110011010000011000
1,1,1,0,1,0,0,0,1,0,0,0,0,0,1,1,0,0,software_issue,train,111010001000001100
0,1,0,0,0,0,0,0,0,0,0,0,0,0,0,0,0,0,power_failure,train,010000000000000000
1,1,1,0,1,0,0,0,0,0,1,0,1,0,0,0,0,0,network_failure,train,111010000010100000
1,1,1,0,1,0,0,0,1,1,1,0,0,0,0,0,0,0,disk_failure,train,111010001110000000
0,0,0,0,0,0,0,0,0,0,0,0,0,0,0,0,0,0,power_failure,train,000000000000000000
1,1,0,0,1,0,0,0,0,0,0,0,0,0,0,0,0,0,display_failure,test,110010000000000000
1,1,1,0,1,0,0,0,0,0,0,0,0,0,1,1,1,0,software_issue,train,111010000000001110
1,1,1,0,1,1,0,0,1,0,0,0,0,0,1,1,1,0,software_issue,test,111011001000001110
1,1,1,0,1,1,0,0,0,0,1,0,1,1,0,0,1,0,network_failure,test,111011000010110010
1,1,1,0,1,1,0,0,1,0,0,0,0,0,0,1,0,0,software_issue,train,111011001000000100
1,1,1,0,1,0,0,0,0,0,0,0,0,0,0,1,0,0,network_failure,train,111010000000000100
1,1,0,1,0,0,1,0,0,0,0,0,0,0,0,0,0,1,ram_failure,train,110100100000000001
1,1,1,0,1,0,0,0,0,0,0,0,1,1,0,0,0,0,network_failure,train,111010000000110000
1,1,1,0,1,1,1,1,0,0,0,0,1,0,0,0,0,0,overheating,test,111011110000100000
1,1,1,0,1,0,0,0,0,0,0,0,1,0,0,1,0,0,network_failure,train,111010000000100100
0,0,0,0,0,0,0,0,0,0,0,0,0,0,0,0,0,0,power_failure,train,000000000000000000
1,1,0,0,1,0,1,0,0,0,0,0,0,0,0,0,0,0,display_failure,validation,110010100000000000
0,0,0,0,1,0,0,0,0,0,0,0,0,0,0,0,0,0,power_failure,validation,000010000000000000
1,1,1,0,0,0,1,0,1,1,1,1,0,0,0,0,0,0,disk_failure,test,111000101111000000
1,1,0,1,1,1,0,0,0,0,0,0,0,0,1,0,0,1,ram_failure,train,110111000000001001
1,1,1,0,0,0,0,0,1,1,1,1,0,0,0,0,0,0,disk_failure,train,111000001111000000
1,1,1,0,1,0,0,0,0,1,1,1,0,0,0,0,0,0,disk_failure,validation,111010000111000000
1,0,0,1,0,0,0,0,0,0,0,0,1,0,0,0,1,0,ram_failure,train,100100000000100010
0,0,0,0,0,0,0,0,0,0,1,0,0,0,0,0,0,0,power_failure,validation,000000000010000000
1,1,1,0,1,0,0,0,1,0,0,0,0,0,1,1,1,0,software_issue,train,111010001000001110
1,1,0,0,1,0,0,0,0,0,0,0,0,0,0,1,0,1,display_failure,train,110010000000000101
1,1,1,0,1,1,1,0,0,0,0,0,0,0,0,1,0,1,overheating,train,111011100000000101
1,1,1,1,1,0,0,0,0,0,0,0,0,1,0,0,0,0,ram_failure,train,111110000000010000
1,1,0,0,0,1,0,0,0,0,0,1,0,0,0,0,0,1,ram_failure,validation,110001000001000001
1,1,0,0,0,0,0,0,0,0,0,0,0,0,0,0,1,0,display_failure,train,110000000000000010
1,1,1,0,1,1,1,1,0,0,0,1,0,0,0,0,0,1,overheating,train,111011110001000001
1,1,1,0,1,0,0,0,1,1,1,1,0,0,0,0,0,0,disk_failure,train,111010001111000000
1,1,1,0,1,1,1,0,0,0,0,0,0,0,0,0,0,0,overheating,train,111011100000000000
1,1,1,0,0,0,1,1,1,1,1,0,0,0,0,1,0,0,disk_failure,train,111000111110000100
0,0,0,0,0,1,0,0,0,0,0,0,0,0,0,0,0,0,power_failure,test,000001000000000000
1,1,0,0,1,0,0,0,0,0,0,0,0,0,0,0,0,0,display_failure,test,110010000000000000
1,1,1,0,1,0,0,0,1,1,1,0,0,0,0,0,0,0,disk_failure,train,111010001110000000
1,1,0,0,1,1,0,1,0,1,0,0,0,0,0,1,0,1,overheating,test,110011010100000101
1,1,0,0,0,0,0,0,0,0,0,0,0,0,0,0,0,0,ram_failure,test,110000000000000000
1,1,1,1,0,0,0,0,0,0,0,0,0,0,0,0,0,1,ram_failure,test,111100000000000001
0,0,0,0,0,0,1,1,0,0,0,0,0,0,0,0,0,0,power_failure,train,000000110000000000
1,1,0,0,1,0,0,0,0,0,0,0,0,0,0,0,0,0,display_failure,test,110010000000000000
0,0,0,0,0,0,0,1,0,0,0,0,0,0,0,1,0,0,power_failure,train,000000010000000100
0,0,0,0,0,0,0,0,0,0,0,0,1,0,1,0,0,0,power_failure,train,000000000000101000
1,1,1,0,1,0,0,0,1,1,1,1,0,0,0,0,0,0,disk_failure,train,111010001111000000
1,1,1,0,0,0,0,0,1,0,1,1,1,1,0,1,0,1,disk_failure,test,111000001011110101
0,0,0,0,0,1,0,0,0,0,0,0,0,0,0,0,1,0,power_failure,train,000001000000000010
1,1,1,0,1,0,0,0,0,0,0,0,0,0,0,0,0,0,network_failure,train,111010000000000000
1,1,1,1,0,0,0,0,0,0,0,0,0,0,0,0,0,1,ram_failure,test,111100000000000001
0,0,0,0,0,0,0,0,0,0,0,0,0,0,0,0,0,0,power_failure,train,000000000000000000
0,0,0,0,0,0,0,0,0,0,0,1,0,0,0,0,0,0,power_failure,train,000000000001000000
1,1,0,1,0,0,0,0,0,0,0,0,0,0,0,0,0,1,ram_failure,train,110100000000000001
0,1,0,0,0,0,0,1,0,0,0,0,0,0,0,0,0,0,power_failure,train,010000010000000000
1,1,1,0,1,0,0,0,0,0,0,0,1,0,0,0,0,0,network_failure,train,111010000000100000
1,1,1,0,1,1,0,0,0,0,0,0,0,0,0,0,0,1,overheating,validation,111011000000000001
1,1,0,0,1,0,0,0,0,0,0,0,1,0,0,0,0,0,network_failure,train,110010000000100000
1,1,1,0,1,1,0,0,1,1,0,0,1,0,0,0,0,0,disk_failure,validation,111011001100100000
1,1,0,1,0,0,0,0,0,1,0,0,0,0,0,0,0,1,ram_failure,validation,110100000100000001
1,1,0,1,1,0,0,1,0,0,0,0,1,0,0,0,0,1,ram_failure,test,110110010000100001
1,1,0,0,1,1,1,1,0,0,0,0,0,0,0,0,1,1,overheating,train,110011110000000011
1,1,1,0,1,0,0,0,0,0,0,0,1,1,0,0,0,0,network_failure,train,111010000000110000
1,1,1,0,1,0,0,0,0,0,0,0,1,0,0,0,0,0,network_failure,train,111010000000100000
1,1,1,0,1,0,0,0,1,0,0,0,0,0,1,1,1,0,software_issue,train,111010001000001110
0,0,0,0,0,1,0,0,0,0,0,0,0,0,0,0,0,0,power_failure,test,000001000000000000
1,1,0,0,0,0,0,0,0,0,0,0,0,0,0,0,0,0,display_failure,test,110000000000000000
1,1,0,1,1,1,0,0,0,0,0,0,0,0,0,0,0,0,ram_failure,train,110111000000000000
1,1,1,0,1,0,0,0,0,0,0,0,1,1,0,0,0,0,network_failure,train,111010000000110000
0,0,0,0,0,0,0,1,0,0,0,0,1,0,0,0,0,0,power_failure,train,000000010000100000
1,1,0,0,1,1,1,1,0,0,0,0,0,0,0,0,0,0,overheating,train,110011110000000000
1,1,1,0,1,0,0,0,0,0,0,0,0,0,1,0,1,1,software_issue,train,111010000000001011
1,1,0,0,1,0,0,0,0,0,0,0,0,0,0,0,0,0,display_failure,test,110010000000000000
1,1,0,1,1,0,0,0,1,0,0,1,1,1,0,0,0,0,network_failure,train,110110001001110000
1,1,1,0,1,0,0,0,0,0,0,0,1,1,0,0,0,0,network_failure,train,111010000000110000
1,1,0,0,1,0,0,0,0,0,0,0,0,0,0,0,0,0,display_failure,test,110010000000000000
1,1,1,0,1,0,0,0,0,0,0,0,1,1,0,0,0,0,network_failure,train,111010000000110000
1,1,1,0,1,0,0,0,0,0,0,0,1,0,0,0,0,0,network_failure,train,111010000000100000
1,1,1,0,1,0,0,0,1,1,1,0,0,0,0,0,0,0,disk_failure,train,111010001110000000
1,1,1,0,1,0,0,0,0,0,0,0,0,0,0,0,0,0,disk_failure,train,111010000000000000
1,1,1,0,0,0,0,0,0,0,1,1,0,0,0,0,0,1,disk_failure,validation,111000000011000001
1,1,1,0,1,0,0,0,1,1,1,1,0,0,0,0,0,0,disk_failure,train,111010001111000000
1,1,1,0,1,0,0,0,0,0,0,0,1,1,0,0,0,0,network_failure,train,111010000000110000
1,1,1,0,1,0,0,0,1,0,0,0,1,1,0,0,0,0,network_failure,train,111010001000110000
1,1,0,0,1,1,1,1,0,1,0,0,0,0,0,0,0,0,overheating,test,110011110100000000
1,1,0,1,1,0,0,0,0,0,0,1,0,0,0,0,0,0,display_failure,train,110110000001000000
1,1,0,0,0,0,0,0,0,0,0,0,0,0,0,0,0,0,display_failure,test,110000000000000000
1,1,1,0,1,0,0,0,1,1,1,1,0,0,0,0,0,0,disk_failure,train,111010001111000000
1,1,1,1,1,0,0,0,0,0,0,0,0,0,1,1,0,0,software_issue,train,111110000000001100
1,1,0,0,1,0,0,0,1,0,0,0,0,1,1,1,1,0,software_issue,train,110010001000011110
1,1,1,0,1,0,0,0,0,0,0,0,1,1,0,0,0,0,network_failure,train,111010000000110000
1,1,1,0,1,0,0,0,1,0,0,1,0,0,1,0,0,0,software_issue,test,111010001001001000
1,1,1,0,1,0,0,1,1,0,0,0,0,0,1,1,1,0,software_issue,train,111010011000001110
1,1,1,1,1,0,0,0,1,0,0,0,1,1,0,0,0,0,network_failure,train,111110001000110000
0,0,1,0,0,0,0,0,0,0,0,0,0,0,0,0,0,0,power_failure,validation,001000000000000000
1,1,1,0,1,0,0,0,0,0,0,0,1,1,0,0,0,0,network_failure,train,111010000000110000
1,1,0,1,0,0,0,0,1,0,0,0,1,0,0,0,0,1,ram_failure,test,110100001000100001
1,1,1,0,0,0,0,0,0,1,1,1,0,0,0,0,0,0,disk_failure,train,111000000111000000
1,1,1,0,1,1,1,0,0,0,0,0,0,0,0,0,1,0,overheating,train,111011100000000010
1,1,1,0,0,1,0,0,0,0,0,1,1,0,0,0,0,0,network_failure,train,111001000001100000
1,1,1,0,1,0,0,0,0,0,0,1,1,1,0,0,0,0,network_failure,train,111010000001110000
1,1,1,0,1,1,0,0,1,0,0,0,0,1,1,1,0,0,software_issue,train,111011001000011100
1,1,0,0,1,0,0,0,1,0,0,0,0,0,0,1,0,0,software_issue,train,110010001000000100
0,0,0,0,0,0,1,0,0,0,0,0,0,0,0,0,0,0,power_failure,train,000000100000000000
1,1,1,1,1,1,1,1,0,0,0,0,0,1,0,0,1,0,overheating,train,111111110000010010
1,1,1,0,1,0,0,0,0,0,0,0,0,0,1,1,1,0,software_issue,train,111010000000001110
1,1,1,0,1,0,0,1,1,0,0,0,0,0,0,1,1,0,software_issue,train,111010011000000110
1,1,0,0,0,0,0,0,0,0,0,0,0,0,0,0,0,0,display_failure,test,110000000000000000
1,1,1,0,1,0,0,0,1,0,0,0,0,0,1,1,0,0,software_issue,train,111010001000001100
1,1,1,0,1,1,1,0,0,1,0,0,0,0,0,0,0,0,overheating,train,111011100100000000
1,1,0,0,1,0,0,0,0,0,0,0,0,0,0,0,0,0,display_failure,test,110010000000000000
0,1,0,0,1,0,0,0,0,0,1,0,0,0,0,0,0,0,power_failure,train,010010000010000000
1,1,1,0,1,0,0,0,0,0,0,0,1,0,0,0,0,0,network_failure,train,111010000000100000
1,1,1,0,1,0,0,0,0,0,0,1,1,0,0,0,0,0,network_failure,train,111010000001100000
1,1,0,0,1,0,0,0,0,0,0,1,0,0,0,0,0,0,display_failure,test,110010000001000000
1,1,0,0,1,0,0,0,0,0,0,0,0,0,0,0,0,0,display_failure,test,110010000000000000
1,1,0,0,1,0,0,0,0,0,1,0,0,0,0,0,0,0,display_failure,train,110010000010000000
1,1,1,0,1,0,0,0,0,0,0,0,1,1,0,0,1,0,network_failure,train,111010000000110010
0,0,0,0,0,0,0,0,0,0,0,0,0,0,0,0,1,0,power_failure,train,000000000000000010
1,1,0,0,1,0,0,0,0,0,0,0,0,0,0,1,0,0,display_failure,validation,110010000000000100
0,1,0,0,0,0,0,0,1,0,0,0,0,0,0,0,0,0,power_failure,train,010000001000000000
1,1,1,1,1,0,1,0,1,0,1,1,0,0,0,0,0,0,disk_failure,train,111110101011000000
1,1,0,0,1,0,0,0,0,0,0,0,1,1,0,0,0,0,network_failure,train,110010000000110000
0,0,0,0,0,0,0,0,0,0,0,0,0,0,0,0,0,0,power_failure,train,000000000000000000
1,1,0,0,1,0,0,0,0,0,0,0,0,0,0,0,0,0,display_failure,test,110010000000000000
0,0,0,0,0,0,0,0,0,0,0,0,0,1,0,0,0,0,power_failure,validation,000000000000010000
1,1,1,0,0,0,0,0,0,1,1,1,0,0,0,0,0,0,disk_failure,train,111000000111000000
1,1,1,0,1,0,0,0,0,0,0,0,0,0,1,0,0,0,software_issue,validation,111010000000001000
1,1,1,0,1,1,0,0,0,0,0,0,1,1,0,0,0,0,network_failure,train,111011000000110000
1,1,1,0,1,0,0,0,0,0,0,0,1,1,0,0,0,0,network_failure,train,111010000000110000
1,1,1,0,1,0,0,0,1,0,0,0,0,0,1,1,0,0,software_issue,train,111010001000001100
1,0,0,1,0,0,0,1,0,0,0,0,0,0,0,0,0,0,power_failure,train,100100010000000000
1,1,1,0,1,0,0,0,0,0,0,0,1,0,0,0,0,0,network_failure,train,111010000000100000
0,0,0,0,0,0,0,0,0,0,0,0,0,0,0,0,0,0,power_failure,train,000000000000000000
1,1,1,0,0,0,0,0,1,0,1,1,0,0,0,0,0,0,disk_failure,train,111000001011000000
1,1,1,0,1,0,1,0,0,0,0,0,1,1,0,0,0,0,network_failure,validation,111010100000110000
1,1,1,0,1,0,0,0,1,0,0,0,0,0,1,1,1,0,software_issue,train,111010001000001110
1,1,1,0,1,1,1,1,0,0,0,0,0,1,0,0,0,0,overheating,test,111011110000010000
1,1,1,0,1,0,0,0,1,0,0,0,0,0,1,1,1,0,software_issue,train,111010001000001110
1,1,1,0,1,1,1,1,0,0,0,0,0,1,0,0,0,1,overheating,train,111011110000010001
0,0,0,0,0,0,0,0,0,0,0,0,0,0,0,0,0,0,power_failure,train,000000000000000000
1,1,1,0,1,0,0,0,1,1,1,1,0,0,0,0,0,0,disk_failure,train,111010001111000000
1,1,1,0,0,0,0,0,1,1,1,1,0,0,0,0,0,0,disk_failure,train,111000001111000000
1,1,1,0,1,0,0,0,0,0,0,0,1,0,0,0,0,0,network_failure,train,111010000000100000
1,1,0,0,1,0,0,0,0,0,0,0,0,0,1,0,0,1,display_failure,train,110010000000001001
1,1,1,0,0,0,1,0,0,1,1,1,0,0,0,0,0,0,disk_failure,validation,111000100111000000
1,1,1,0,1,0,0,0,1,0,0,0,0,0,0,0,1,0,software_issue,validation,111010001000000010
1,1,1,0,1,0,0,0,1,1,1,1,0,0,0,0,0,0,disk_failure,train,111010001111000000
1,1,1,0,1,0,0,0,0,1,1,1,0,0,0,0,0,0,disk_failure,validation,111010000111000000
0,1,1,0,1,0,0,0,0,1,0,0,1,0,0,0,0,0,network_failure,train,011010000100100000
1,1,0,0,1,0,0,0,0,0,1,0,0,0,0,1,0,0,display_failure,train,110010000010000100
1,1,0,1,0,0,0,0,0,1,0,0,0,0,0,0,0,0,display_failure,train,110100000100000000
1,1,0,0,0,0,0,0,0,0,0,0,0,0,0,0,0,0,display_failure,test,110000000000000000
1,1,0,1,0,0,0,0,0,0,1,0,0,0,0,0,0,1,ram_failure,train,110100000010000001
1,1,1,0,0,0,0,0,1,1,1,1,0,0,0,0,0,0,disk_failure,train,111000001111000000
1,1,1,0,1,1,1,1,0,0,0,0,0,0,0,0,0,0,overheating,validation,111011110000000000
1,1,1,0,1,0,1,1,0,0,0,0,0,0,0,0,1,0,overheating,train,111010110000000010
0,0,0,0,0,0,0,0,0,0,0,0,0,0,0,1,0,0,power_failure,train,000000000000000100
1,1,1,0,1,1,1,1,0,0,0,0,0,0,0,0,0,1,overheating,train,111011110000000001
1,1,1,0,1,1,1,1,1,0,0,0,0,0,0,0,0,0,overheating,train,111011111000000000
1,1,1,0,1,0,0,0,0,0,0,0,1,0,0,0,0,0,network_failure,train,111010000000100000
1,1,1,0,1,1,1,0,1,0,0,0,0,0,1,1,0,0,software_issue,validation,111011101000001100
1,1,1,1,0,0,0,0,0,0,0,0,0,0,0,0,0,1,ram_failure,test,111100000000000001
1,1,0,0,0,0,0,0,0,0,0,0,0,0,0,0,0,0,display_failure,test,110000000000000000
1,1,0,0,1,0,0,0,0,0,1,0,0,0,0,0,0,0,display_failure,train,110010000010000000
1,1,0,1,0,0,0,0,0,0,0,0,0,0,0,0,0,0,ram_failure,train,110100000000000000
0,0,0,0,0,0,0,0,1,0,0,0,0,0,0,0,0,0,power_failure,validation,000000001000000000
1,1,1,0,1,1,1,0,0,0,0,0,0,0,0,0,0,1,overheating,test,111011100000000001
1,1,0,0,1,0,0,0,0,0,0,0,0,0,0,0,0,0,display_failure,test,110010000000000000
1,1,0,1,0,0,0,1,0,0,0,0,0,0,0,0,0,1,ram_failure,train,110100010000000001
1,0,0,0,0,0,0,0,0,0,0,0,0,1,0,0,0,0,power_failure,train,100000000000010000
1,1,1,0,1,0,0,0,0,0,0,0,1,1,0,0,0,0,network_failure,train,111010000000110000
1,1,1,0,1,1,0,0,0,0,0,0,1,0,0,1,0,0,network_failure,test,111011000000100100
1,0,1,0,1,0,0,0,0,0,1,0,1,1,0,0,0,0,network_failure,train,101010000010110000
1,0,1,0,1,1,1,1,0,0,0,0,0,0,0,0,0,0,overheating,train,101011110000000000
1,1,0,0,1,0,0,0,0,0,0,1,0,0,0,0,0,0,display_failure,test,110010000001000000
0,1,0,0,0,0,0,0,0,0,0,0,0,0,0,0,0,0,power_failure,train,010000000000000000
1,1,1,0,1,1,1,0,0,0,0,1,0,0,0,0,0,0,overheating,train,111011100001000000
1,1,1,0,1,1,1,0,0,1,0,1,0,0,0,0,0,0,overheating,validation,111011100101000000
1,1,0,1,0,0,0,0,1,0,0,0,0,0,0,0,0,0,ram_failure,validation,110100001000000000
1,1,0,0,1,0,0,0,0,0,0,0,0,0,0,0,0,0,display_failure,test,110010000000000000
0,0,0,0,0,0,0,0,0,0,0,1,0,0,0,0,0,0,power_failure,train,000000000001000000
1,1,1,1,0,0,0,0,0,0,0,0,0,0,0,0,0,1,ram_failure,test,111100000000000001
1,1,1,0,1,0,0,0,1,0,0,0,0,0,1,0,0,1,network_failure,train,111010001000001001
0,0,0,0,0,0,0,0,0,0,0,0,0,0,0,0,0,0,power_failure,train,000000000000000000
1,1,0,0,0,0,0,0,0,0,1,0,0,0,0,0,1,0,display_failure,train,110000000010000010
1,1,0,1,0,0,0,0,0,0,0,1,0,0,0,0,0,0,ram_failure,train,110100000001000000
0,0,0,0,0,0,0,0,0,0,0,0,0,0,0,0,0,0,power_failure,train,000000000000000000
0,0,0,0,0,0,0,0,0,0,0,0,0,0,0,0,0,0,power_failure,train,000000000000000000
1,1,1,0,1,0,0,0,0,0,0,0,1,0,0,0,0,0,network_failure,train,111010000000100000
1,1,1,0,1,0,0,0,0,0,0,0,1,1,0,0,0,0,network_failure,train,111010000000110000
1,1,0,1,0,0,0,1,0,0,0,0,0,0,0,0,1,0,ram_failure,train,110100010000000010
1,1,1,0,1,0,0,0,0,0,0,0,0,0,0,1,1,0,software_issue,test,111010000000000110
1,1,1,0,1,1,0,0,1,0,0,0,0,1,1,1,1,0,software_issue,train,111011001000011110
1,1,0,0,0,0,0,0,0,0,0,0,0,0,0,0,0,0,ram_failure,test,110000000000000000
1,1,0,0,1,0,0,0,1,0,0,0,0,0,0,0,0,0,display_failure,train,110010001000000000
1,0,0,0,1,0,0,1,0,0,0,0,0,0,0,0,0,0,display_failure,train,100010010000000000
1,1,0,1,1,0,0,0,0,0,0,0,0,0,0,0,0,1,ram_failure,train,110110000000000001
1,1,0,1,0,0,0,0,1,1,0,0,0,0,0,0,0,0,ram_failure,validation,110100001100000000
1,1,1,0,1,0,0,0,0,0,0,0,1,1,0,0,0,0,network_failure,train,111010000000110000
1,1,1,0,1,0,0,0,0,0,0,0,1,1,0,1,0,0,network_failure,validation,111010000000110100
1,0,0,0,0,0,0,0,0,0,0,0,0,0,0,0,0,0,power_failure,train,100000000000000000
1,1,1,0,1,0,0,0,1,0,0,0,0,0,1,1,1,0,software_issue,train,111010001000001110
0,0,0,0,0,0,0,0,0,0,0,0,0,0,0,0,1,0,power_failure,train,000000000000000010
1,1,0,1,0,0,1,0,0,0,0,0,0,0,0,0,0,1,ram_failure,train,110100100000000001
1,1,1,0,1,0,0,0,0,0,0,0,1,1,0,0,0,1,network_failure,train,111010000000110001
1,1,1,1,0,0,0,1,0,0,0,0,0,0,0,0,0,1,ram_failure,test,111100010000000001
1,0,1,0,1,0,0,0,1,0,0,0,0,0,1,1,0,0,software_issue,validation,101010001000001100
1,1,1,0,0,0,0,0,1,1,1,0,0,0,0,0,0,0,disk_failure,train,111000001110000000
1,0,1,0,1,1,1,1,0,0,0,0,0,0,0,0,0,0,overheating,train,101011110000000000
1,1,0,1,0,0,0,1,1,0,0,0,0,0,0,0,0,0,ram_failure,validation,110100011000000000
0,0,0,0,0,0,0,0,0,1,0,0,0,0,0,0,0,1,power_failure,train,000000000100000001
1,1,1,0,1,0,0,0,0,0,0,0,1,1,0,0,0,0,network_failure,train,111010000000110000
1,1,0,1,0,0,0,0,0,0,0,0,0,0,1,0,0,1,ram_failure,train,110100000000001001
1,1,0,0,1,0,0,0,0,0,1,0,0,0,0,0,0,0,display_failure,train,110010000010000000
1,1,1,0,1,1,1,1,0,0,0,0,0,0,0,0,0,0,overheating,validation,111011110000000000
0,0,0,0,0,0,0,0,1,0,0,0,0,0,0,0,0,0,power_failure,validation,000000001000000000
1,1,1,1,1,0,0,0,0,0,1,0,1,1,0,1,0,0,network_failure,train,111110000010110100
1,1,1,0,1,1,1,1,0,0,0,0,0,0,0,0,0,0,overheating,validation,111011110000000000
1,1,0,1,0,0,0,0,0,0,0,0,0,0,0,0,0,1,ram_failure,train,110100000000000001
1,1,1,0,1,0,0,0,0,0,0,0,0,1,0,0,0,0,network_failure,test,111010000000010000
1,1,0,1,1,0,0,0,0,0,0,0,0,0,0,1,0,1,ram_failure,train,110110000000000101
1,1,1,0,1,0,0,0,1,1,0,1,0,0,0,0,0,0,disk_failure,train,111010001101000000
0,1,0,0,0,0,0,0,0,1,0,0,1,0,0,0,0,0,power_failure,train,010000000100100000
1,1,1,0,0,0,0,0,1,0,1,0,0,0,1,1,1,0,software_issue,train,111000001010001110
1,1,1,0,1,0,0,0,0,1,0,0,1,1,0,0,0,0,network_failure,train,111010000100110000
1,1,1,0,1,1,0,0,0,0,0,0,1,1,0,0,0,0,network_failure,train,111011000000110000
1,1,0,0,0,0,0,0,0,0,0,0,0,1,0,0,0,0,display_failure,train,110000000000010000
1,1,1,0,1,1,0,1,1,1,0,1,0,0,1,1,1,0,software_issue,train,111011011101001110
1,1,1,0,1,0,0,0,0,1,1,1,0,0,0,0,0,0,disk_failure,validation,111010000111000000
1,1,1,0,1,1,1,1,0,0,0,0,0,0,0,0,1,1,overheating,train,111011110000000011
0,0,0,0,0,0,0,0,0,0,0,0,0,0,0,0,1,0,power_failure,train,000000000000000010
1,1,1,0,0,0,0,0,1,1,1,0,0,0,0,0,0,0,disk_failure,train,111000001110000000
1,1,1,0,1,1,0,0,0,0,0,0,0,0,0,0,0,0,overheating,train,111011000000000000
1,1,0,0,1,0,0,0,0,1,0,0,0,0,0,0,1,0,display_failure,test,110010000100000010
1,1,1,0,1,1,1,0,0,0,0,0,0,0,0,0,0,1,overheating,test,111011100000000001
1,1,1,0,1,0,0,0,1,0,0,0,0,0,1,1,1,0,software_issue,train,111010001000001110
1,1,0,1,0,0,0,0,0,0,0,0,0,0,0,0,1,1,ram_failure,train,110100000000000011
1,1,1,0,1,0,0,0,1,1,0,1,0,0,0,0,0,0,disk_failure,train,111010001101000000
1,0,0,0,1,0,0,0,0,1,0,0,0,1,0,0,0,0,network_failure,validation,100010000100010000
1,1,1,0,1,0,0,0,0,0,0,0,1,0,0,0,0,0,network_failure,train,111010000000100000
1,1,0,0,1,0,0,0,1,0,0,0,0,0,0,0,0,0,display_failure,train,110010001000000000
1,1,1,0,1,0,0,0,0,0,0,0,1,0,0,0,0,0,network_failure,train,111010000000100000
1,1,1,0,1,0,0,1,1,0,0,0,0,0,1,0,0,0,software_issue,validation,111010011000001000
0,1,1,0,1,0,0,0,1,0,0,0,0,0,1,1,1,0,software_issue,train,011010001000001110
1,1,0,0,1,0,0,0,0,0,0,0,0,0,0,0,0,0,display_failure,test,110010000000000000
1,1,1,0,1,0,0,0,1,1,1,0,0,0,0,0,0,0,disk_failure,train,111010001110000000
1,1,0,0,1,0,0,0,0,0,0,1,0,0,0,0,0,0,display_failure,test,110010000001000000
1,0,0,0,0,0,0,0,0,0,0,0,0,0,0,0,0,1,power_failure,train,100000000000000001
1,1,1,0,1,0,0,0,0,0,0,0,1,1,0,0,0,0,network_failure,train,111010000000110000
1,1,1,0,1,1,1,1,0,0,0,0,0,0,0,0,0,0,overheating,validation,111011110000000000
1,1,1,1,0,0,0,0,0,0,0,0,0,0,0,0,1,1,ram_failure,validation,111100000000000011
1,1,1,0,0,0,0,0,0,1,1,0,0,0,0,1,0,0,disk_failure,train,111000000110000100
1,1,1,0,1,0,0,1,1,0,0,0,0,0,1,0,1,0,software_issue,test,111010011000001010
1,1,0,0,1,0,0,0,0,0,0,0,0,0,0,1,0,0,display_failure,validation,110010000000000100
1,1,1,0,1,0,0,0,0,1,0,0,0,0,0,0,1,0,network_failure,train,111010000100000010
1,1,1,0,1,0,1,0,0,0,0,0,1,0,0,0,0,0,network_failure,train,111010100000100000
1,1,1,0,1,0,1,0,0,0,0,0,1,1,0,0,0,0,network_failure,validation,111010100000110000
1,1,0,0,1,0,0,0,0,0,0,0,0,0,0,0,0,0,display_failure,test,110010000000000000
1,1,0,0,1,0,0,0,1,0,0,0,0,0,1,1,0,0,software_issue,train,110010001000001100
1,1,1,0,1,0,0,0,1,0,0,0,0,0,1,1,1,0,software_issue,train,111010001000001110
1,1,1,0,1,1,0,0,1,0,0,0,0,0,1,1,0,0,software_issue,train,111011001000001100
1,1,1,0,1,0,0,1,1,0,1,0,0,1,0,0,0,0,disk_failure,train,111010011010010000
1,1,1,0,1,1,1,1,0,0,0,0,0,0,1,0,0,0,overheating,train,111011110000001000
1,0,0,0,1,1,1,1,0,0,0,0,0,0,0,1,0,0,overheating,train,100011110000000100
1,1,1,0,1,0,0,0,1,0,0,0,1,0,1,1,0,0,software_issue,validation,111010001000101100
1,1,1,0,1,0,0,0,0,0,0,0,0,0,1,0,1,0,software_issue,train,111010000000001010
0,0,0,0,0,0,0,0,0,0,0,0,0,0,0,0,0,0,power_failure,train,000000000000000000
1,1,1,1,1,0,0,0,0,0,0,1,1,1,0,0,0,0,network_failure,train,111110000001110000
1,0,1,0,1,0,0,0,0,0,0,0,0,1,0,0,0,0,network_failure,train,101010000000010000
1,1,1,0,1,0,0,0,0,0,0,0,1,1,0,0,0,0,network_failure,train,111010000000110000
1,1,0,1,1,0,0,0,0,0,0,0,0,0,0,0,0,1,ram_failure,train,110110000000000001
0,0,0,0,0,0,0,0,0,0,0,0,0,0,0,0,0,0,power_failure,train,000000000000000000
1,1,1,0,1,0,0,0,0,0,0,0,1,1,0,0,0,0,network_failure,train,111010000000110000
1,1,1,0,1,0,0,0,1,0,0,0,0,0,0,1,0,0,software_issue,train,111010001000000100
1,1,0,1,0,0,0,0,0,0,0,1,0,0,0,0,0,0,ram_failure,train,110100000001000000
1,1,1,0,1,0,0,0,1,1,0,1,0,0,0,0,0,0,disk_failure,train,111010001101000000
1,1,1,0,1,0,0,0,0,0,1,0,0,0,1,1,1,0,software_issue,train,111010000010001110
1,1,0,1,0,0,1,0,0,0,0,0,0,1,0,0,0,0,ram_failure,test,110100100000010000
0,0,1,0,0,0,0,0,0,1,0,0,0,0,0,0,0,0,power_failure,train,001000000100000000
1,1,1,0,1,0,0,0,0,0,0,0,0,0,0,1,1,0,software_issue,test,111010000000000110
0,0,0,0,0,0,0,0,0,0,0,0,0,0,0,0,0,0,power_failure,train,000000000000000000
1,1,1,0,1,0,0,0,0,0,0,0,0,0,0,0,1,0,display_failure,train,111010000000000010
1,1,1,0,1,0,0,0,1,0,0,0,0,0,0,1,0,0,software_issue,train,111010001000000100
1,0,1,0,1,0,0,0,0,0,0,0,1,1,0,0,0,0,network_failure,train,101010000000110000
1,1,1,0,1,0,0,0,1,1,1,1,0,0,0,0,0,0,disk_failure,train,111010001111000000
1,1,1,0,1,0,0,0,0,0,0,0,1,1,0,0,0,0,network_failure,train,111010000000110000
1,1,1,0,1,0,0,0,0,1,1,0,1,0,0,0,1,0,network_failure,train,111010000110100010
1,0,0,0,0,0,0,0,0,0,0,0,0,0,0,0,0,1,ram_failure,train,100000000000000001
1,1,0,0,1,0,0,1,0,0,0,0,0,0,0,0,0,1,display_failure,validation,110010010000000001
1,1,1,0,1,0,0,0,0,0,0,0,1,0,0,0,0,0,network_failure,train,111010000000100000
1,1,0,0,1,0,0,1,0,0,0,0,0,0,0,0,0,0,display_failure,train,110010010000000000
1,1,1,0,1,1,0,1,0,0,0,0,0,0,0,0,0,0,overheating,train,111011010000000000
1,0,0,0,0,0,1,0,0,0,0,0,0,1,0,0,0,0,power_failure,train,100000100000010000
1,1,0,0,1,0,0,0,1,0,0,0,0,0,1,1,0,0,software_issue,train,110010001000001100
1,1,1,1,0,0,0,0,0,0,0,0,0,0,0,0,0,1,ram_failure,test,111100000000000001
1,1,0,0,1,1,1,0,0,0,0,0,0,0,0,0,1,0,overheating,train,110011100000000010
1,1,1,0,1,1,1,1,0,0,0,0,0,0,0,0,1,0,overheating,validation,111011110000000010
1,1,0,0,1,0,0,0,0,0,0,0,0,0,0,0,0,0,display_failure,test,110010000000000000
1,1,1,0,1,1,1,1,0,0,0,1,0,0,0,0,0,0,overheating,test,111011110001000000
1,0,0,0,0,0,0,0,0,0,0,0,0,0,0,0,0,0,power_failure,train,100000000000000000
0,0,0,0,0,1,0,0,0,0,0,0,0,0,0,0,0,0,power_failure,test,000001000000000000
0,0,0,0,0,0,0,1,0,0,0,0,0,0,0,0,0,0,power_failure,train,000000010000000000
1,1,0,0,0,0,0,0,1,0,0,0,1,0,0,0,0,0,display_failure,validation,110000001000100000
0,0,0,0,0,0,0,0,0,0,0,0,0,0,0,0,0,0,power_failure,train,000000000000000000
1,1,0,1,0,0,0,0,0,0,0,0,0,0,0,0,0,0,ram_failure,train,110100000000000000
1,1,1,0,1,0,0,0,0,0,0,0,1,0,0,0,0,0,network_failure,train,111010000000100000
0,0,0,0,0,0,0,0,0,0,0,1,0,0,0,0,0,0,power_failure,train,000000000001000000
1,1,1,0,1,0,0,0,0,0,0,0,1,0,0,0,0,0,network_failure,train,111010000000100000
1,1,1,0,0,0,0,0,1,1,1,0,0,1,1,0,0,0,disk_failure,train,111000001110011000
1,1,0,0,1,0,0,0,0,0,0,0,0,0,0,0,0,0,display_failure,test,110010000000000000
1,1,1,0,1,1,1,1,0,0,0,0,0,0,0,0,1,0,overheating,validation,111011110000000010
1,1,1,0,1,0,0,0,1,1,1,1,0,0,0,1,0,0,disk_failure,train,111010001111000100
1,1,1,0,1,0,0,0,1,0,0,0,0,1,1,0,0,0,software_issue,train,111010001000011000
1,1,0,0,1,0,0,0,0,0,0,0,1,0,1,0,0,0,display_failure,test,110010000000101000
1,1,0,0,1,0,0,0,0,0,0,0,0,0,0,0,0,0,display_failure,test,110010000000000000
1,1,1,0,1,0,0,0,0,0,0,0,0,0,0,1,1,0,software_issue,test,111010000000000110
1,1,1,0,1,0,0,0,0,0,0,1,1,1,1,0,0,0,network_failure,train,111010000001111000
1,1,1,0,1,1,1,1,0,0,0,0,0,0,1,0,0,1,overheating,train,111011110000001001
1,1,1,1,0,0,0,0,0,0,0,0,0,0,0,0,0,1,ram_failure,test,111100000000000001
1,1,1,0,1,1,1,1,0,0,0,1,0,0,0,0,1,0,overheating,test,111011110001000010
0,0,0,0,0,0,0,0,0,0,0,0,0,0,0,0,0,0,power_failure,train,000000000000000000
1,0,1,0,1,1,1,1,0,0,0,0,0,0,0,0,0,1,overheating,train,101011110000000001
1,1,0,1,0,1,0,0,0,0,0,0,0,0,0,0,0,1,ram_failure,train,110101000000000001
1,1,0,0,1,0,0,0,0,0,0,0,1,0,0,0,0,0,display_failure,train,110010000000100000
1,1,0,0,0,0,0,0,0,0,0,0,0,1,0,0,0,0,display_failure,train,110000000000010000
1,1,1,0,0,0,0,0,1,0,1,0,0,1,0,0,0,0,disk_failure,train,111000001010010000
0,1,1,1,0,0,0,0,0,0,0,0,0,0,0,0,0,1,ram_failure,train,011100000000000001
1,1,0,0,1,0,0,0,0,0,0,0,0,0,0,0,0,0,display_failure,test,110010000000000000
1,1,1,0,1,0,0,0,0,0,0,0,1,1,0,0,0,1,network_failure,train,111010000000110001
1,1,1,0,1,1,1,1,0,0,0,0,0,0,0,0,0,0,overheating,validation,111011110000000000
0,0,0,0,0,0,0,1,0,0,0,0,0,0,0,1,0,0,power_failure,train,000000010000000100
1,1,1,0,1,0,0,0,0,1,0,0,0,1,0,1,0,0,software_issue,validation,111010000100010100
1,1,1,0,1,1,0,1,0,0,0,0,0,1,0,0,0,1,overheating,train,111011010000010001
0,0,0,0,0,1,0,0,0,0,0,0,0,0,0,0,0,0,power_failure,test,000001000000000000
0,0,0,0,1,0,0,0,0,0,0,0,0,0,1,1,0,0,power_failure,train,000010000000001100
1,1,1,0,0,1,1,0,0,0,0,0,0,0,0,0,0,1,overheating,validation,111001100000000001
1,1,1,0,1,0,0,0,1,0,1,1,0,0,0,0,0,0,disk_failure,train,111010001011000000
1,1,0,1,1,0,0,0,0,0,0,0,1,0,0,0,0,1,ram_failure,train,110110000000100001
1,1,1,0,1,0,0,0,0,0,0,0,1,0,0,0,0,0,network_failure,train,111010000000100000
1,1,0,0,1,0,0,0,0,0,0,0,0,0,0,0,1,0,display_failure,train,110010000000000010
1,1,1,0,1,1,1,1,0,0,0,0,0,0,0,0,0,0,overheating,validation,111011110000000000
1,1,1,0,1,0,0,0,0,0,0,0,1,0,0,0,0,0,network_failure,train,111010000000100000
1,0,1,0,1,1,0,1,0,0,0,0,0,0,0,0,0,1,overheating,train,101011010000000001
1,1,1,0,1,0,0,0,1,0,0,0,0,0,1,1,1,0,software_issue,train,111010001000001110
0,1,0,0,0,0,0,0,0,0,0,0,0,1,0,0,0,0,power_failure,validation,010000000000010000
1,1,1,0,1,0,1,0,1,0,0,0,0,0,1,1,1,0,software_issue,train,111010101000001110
1,1,0,0,1,0,0,0,0,1,0,1,0,0,1,0,0,0,display_failure,test,110010000101001000
1,1,0,0,1,0,0,0,0,1,1,0,0,0,0,0,0,0,display_failure,train,110010000110000000
1,1,1,1,0,0,0,0,0,0,0,0,0,0,0,0,0,0,ram_failure,train,111100000000000000
1,1,0,0,1,0,0,0,0,0,0,0,0,0,0,0,0,0,display_failure,test,110010000000000000
1,1,0,0,1,0,0,0,0,0,0,0,0,0,0,0,0,0,display_failure,test,110010000000000000
1,1,0,1,0,0,0,0,0,0,0,0,0,0,0,0,0,0,ram_failure,train,110100000000000000
1,1,0,0,1,0,0,0,0,0,0,0,0,0,0,0,0,0,display_failure,test,110010000000000000
1,1,0,0,0,0,0,0,0,0,0,0,0,0,0,0,0,0,display_failure,test,110000000000000000
1,1,1,0,1,1,1,0,1,0,0,0,0,1,0,0,0,1,overheating,train,111011101000010001
1,1,0,0,1,0,0,0,0,0,0,0,0,0,0,1,0,0,display_failure,validation,110010000000000100
1,1,1,0,1,0,0,0,1,0,0,1,1,0,0,1,0,1,software_issue,train,111010001001100101
1,1,1,0,1,0,0,0,0,0,0,0,1,0,0,1,0,0,network_failure,train,111010000000100100
1,1,0,1,0,0,0,0,0,0,0,0,0,0,0,0,0,1,ram_failure,train,110100000000000001
1,1,0,0,1,0,0,0,0,0,0,0,0,0,0,0,0,0,display_failure,test,110010000000000000
1,1,1,1,1,0,0,0,0,1,1,1,0,0,0,0,0,0,disk_failure,train,111110000111000000
1,1,1,1,1,0,0,0,0,0,0,0,1,0,0,0,0,0,network_failure,test,111110000000100000
0,0,0,0,0,0,0,0,0,0,0,0,0,0,0,0,0,0,power_failure,train,000000000000000000
1,1,0,0,1,0,0,0,0,0,0,0,0,0,0,0,0,0,display_failure,test,110010000000000000
1,1,1,0,1,0,0,0,1,0,0,0,0,1,1,1,1,0,software_issue,train,111010001000011110
1,1,0,0,1,0,0,0,0,0,0,0,0,0,0,0,0,0,display_failure,test,110010000000000000
1,1,1,1,1,0,0,0,0,0,1,0,1,1,0,0,0,0,network_failure,test,111110000010110000
1,1,0,0,1,0,0,0,0,0,0,0,0,0,0,0,0,0,display_failure,test,110010000000000000
1,1,1,0,1,1,1,1,0,0,0,0,0,1,1,0,0,0,overheating,train,111011110000011000
0,0,1,0,0,0,0,1,0,0,0,0,1,0,0,0,0,0,power_failure,train,001000010000100000
1,1,1,1,1,0,0,0,1,0,0,0,0,0,1,1,1,0,software_issue,train,111110001000001110
1,1,0,0,0,0,0,0,1,1,1,0,1,0,0,1,0,0,disk_failure,test,110000001110100100
1,1,1,0,1,0,0,0,1,1,1,0,0,0,0,0,0,0,disk_failure,train,111010001110000000
1,0,0,0,0,1,0,0,0,0,0,0,0,0,0,0,0,0,power_failure,train,100001000000000000
1,1,1,0,1,0,0,1,1,0,0,0,0,0,1,0,1,0,software_issue,test,111010011000001010
1,1,0,0,1,0,0,0,0,0,0,0,0,0,0,0,0,0,display_failure,test,110010000000000000
1,1,1,0,1,0,0,0,0,0,0,0,1,1,0,0,0,1,network_failure,train,111010000000110001
1,1,1,0,1,1,0,0,0,0,0,0,1,0,0,0,0,0,network_failure,validation,111011000000100000
0,1,0,0,0,0,0,0,0,0,0,0,0,1,0,0,0,0,power_failure,validation,010000000000010000
1,1,1,1,0,0,0,0,0,0,0,0,0,0,0,0,0,1,ram_failure,test,111100000000000001
1,0,0,1,1,0,0,0,0,0,1,0,0,0,0,0,0,0,ram_failure,test,100110000010000000
1,1,0,0,0,0,0,0,0,1,1,1,1,0,0,0,0,0,disk_failure,train,110000000111100000
1,1,1,0,0,0,1,0,0,0,0,0,1,1,0,1,0,0,network_failure,test,111000100000110100
1,1,1,0,0,0,1,0,1,1,1,1,0,0,0,0,0,0,disk_failure,test,111000101111000000
0,0,0,0,0,0,0,0,0,0,0,0,0,0,0,0,0,1,power_failure,test,000000000000000001
1,0,0,1,0,0,0,0,0,0,0,0,0,0,0,0,0,0,ram_failure,train,100100000000000000
1,1,0,0,0,0,0,0,1,0,0,0,0,0,1,1,0,0,software_issue,train,110000001000001100
1,1,1,0,1,1,1,0,0,0,0,0,0,0,0,0,0,0,overheating,train,111011100000000000
1,1,1,0,1,1,1,1,0,0,0,0,0,0,0,0,0,1,overheating,train,111011110000000001
0,1,0,0,0,0,0,0,0,0,0,0,0,0,0,0,0,0,power_failure,train,010000000000000000
0,0,0,0,0,0,0,0,0,0,0,0,0,0,0,0,1,0,power_failure,train,000000000000000010
0,0,0,0,0,0,0,0,0,0,0,0,0,0,0,0,0,0,power_failure,train,000000000000000000
1,1,0,0,1,0,0,0,1,0,0,0,0,0,1,1,1,0,software_issue,train,110010001000001110
0,0,1,0,0,0,0,0,0,1,0,0,0,0,0,0,0,0,power_failure,train,001000000100000000
1,1,1,0,0,0,0,0,1,1,0,1,0,0,0,0,0,0,disk_failure,train,111000001101000000
1,0,0,1,0,0,0,0,0,0,0,0,0,0,0,0,0,1,ram_failure,validation,100100000000000001
0,0,1,0,0,0,0,0,0,0,0,0,1,0,0,0,0,0,power_failure,validation,001000000000100000
1,1,1,0,0,0,0,0,1,1,1,1,1,0,0,0,0,0,disk_failure,validation,111000001111100000
1,1,1,0,1,0,0,0,1,1,1,1,0,0,0,0,0,0,disk_failure,train,111010001111000000
1,1,1,0,0,0,0,0,1,1,1,0,0,0,0,0,0,0,disk_failure,train,111000001110000000
1,1,0,0,1,0,0,0,0,0,0,0,0,0,0,0,0,0,display_failure,test,110010000000000000
1,1,1,1,1,0,0,0,1,1,1,0,0,0,0,0,0,0,disk_failure,train,111110001110000000
1,1,1,0,0,0,0,0,1,1,1,1,0,0,0,0,0,0,disk_failure,train,111000001111000000
1,1,0,0,1,0,0,0,0,0,0,1,0,0,0,0,0,0,display_failure,test,110010000001000000
1,1,1,0,1,0,0,0,0,0,0,1,1,1,0,0,0,0,network_failure,train,111010000001110000
0,0,1,0,0,0,0,0,0,0,0,0,0,0,0,1,0,0,power_failure,train,001000000000000100
1,1,1,0,1,0,0,0,0,0,0,0,1,0,0,1,0,0,network_failure,train,111010000000100100
1,1,0,1,0,0,0,0,0,0,0,0,0,0,0,0,0,1,ram_failure,train,110100000000000001
1,1,0,0,1,0,0,0,0,0,0,0,0,0,0,0,0,0,display_failure,test,110010000000000000
1,1,1,0,1,1,1,1,0,0,0,0,0,0,0,1,0,0,overheating,train,111011110000000100
1,1,1,0,1,0,0,1,0,0,0,0,1,1,0,0,0,0,network_failure,test,111010010000110000
1,1,1,0,1,0,0,0,1,1,1,1,0,0,0,0,0,0,disk_failure,train,111010001111000000
1,1,1,0,0,0,0,0,1,1,1,1,0,0,0,0,0,0,disk_failure,train,111000001111000000
1,1,0,1,0,0,0,0,0,0,0,0,0,0,0,0,0,0,ram_failure,train,110100000000000000
1,1,1,0,1,0,0,0,1,1,0,1,0,0,1,0,0,0,disk_failure,validation,111010001101001000
1,1,1,0,1,1,0,1,0,1,0,0,0,0,0,0,0,0,overheating,train,111011010100000000
1,1,1,0,1,0,0,0,0,0,0,0,1,1,0,0,1,0,network_failure,train,111010000000110010
1,1,1,0,1,0,1,0,1,0,1,1,0,0,0,0,0,0,disk_failure,train,111010101011000000
1,1,1,0,1,1,1,1,0,0,0,0,0,0,0,0,0,0,overheating,validation,111011110000000000
1,1,0,0,1,0,1,0,0,0,0,0,0,0,0,0,0,0,display_failure,validation,110010100000000000
1,1,1,0,0,0,0,0,1,1,0,1,0,0,0,0,0,0,disk_failure,train,111000001101000000
0,0,0,0,0,0,0,0,0,1,0,0,0,0,0,0,0,1,power_failure,train,000000000100000001
0,0,0,0,0,0,0,0,0,0,1,1,0,0,0,0,0,0,power_failure,validation,000000000011000000
1,1,0,1,1,0,0,0,0,0,0,0,0,0,0,0,0,1,ram_failure,train,110110000000000001
1,1,1,0,1,0,0,0,1,0,0,0,0,0,1,0,1,0,software_issue,validation,111010001000001010
1,1,1,0,1,0,0,0,0,0,1,0,0,1,0,0,0,0,network_failure,train,111010000010010000
1,1,0,0,1,1,1,0,0,0,0,0,0,0,0,0,0,0,overheating,train,110011100000000000
1,1,0,0,0,0,0,0,0,0,1,0,0,0,0,1,0,0,disk_failure,train,110000000010000100
1,1,1,0,0,0,0,0,1,1,1,0,0,0,0,0,0,0,disk_failure,train,111000001110000000
1,1,1,0,0,0,0,0,1,1,1,1,0,0,0,0,1,0,disk_failure,train,111000001111000010
1,1,1,0,1,0,0,0,1,0,0,0,0,1,0,0,1,0,network_failure,validation,111010001000010010
1,1,1,1,1,0,0,0,0,0,0,0,1,1,1,0,0,1,network_failure,validation,111110000000111001
1,1,0,0,1,1,1,0,0,0,0,0,0,0,0,0,0,0,overheating,train,110011100000000000
1,1,1,0,1,0,0,0,1,1,0,0,0,0,1,1,0,0,software_issue,train,111010001100001100
1,1,1,0,1,0,0,1,1,0,0,0,1,0,0,0,0,0,network_failure,train,111010011000100000
0,0,0,0,0,0,0,0,0,0,0,0,0,0,0,0,0,0,power_failure,train,000000000000000000
1,1,1,0,1,1,0,0,0,0,0,0,1,0,0,0,0,0,network_failure,validation,111011000000100000
1,0,1,0,1,1,1,1,0,1,0,0,0,0,0,0,0,0,overheating,test,101011110100000000
1,1,1,0,1,1,0,0,1,1,1,0,0,0,0,0,0,0,disk_failure,train,111011001110000000
1,1,0,0,1,0,0,0,0,0,0,1,0,0,0,0,0,0,display_failure,test,110010000001000000
0,0,0,0,0,0,0,0,0,0,0,0,0,0,0,0,0,1,power_failure,test,000000000000000001
1,1,1,0,1,0,0,0,1,0,0,0,0,1,1,0,1,0,software_issue,test,111010001000011010
1,1,1,0,1,1,1,0,0,0,0,0,0,0,0,0,0,1,overheating,test,111011100000000001
1,1,1,1,1,0,0,0,0,0,0,0,1,0,0,0,0,0,network_failure,test,111110000000100000
1,1,0,0,0,0,0,0,0,0,0,0,0,0,0,0,0,0,display_failure,test,110000000000000000
1,1,1,0,1,0,1,1,0,0,0,0,0,0,0,0,0,1,overheating,train,111010110000000001
1,1,0,0,0,0,0,0,0,0,0,0,0,0,0,0,0,0,display_failure,test,110000000000000000
1,1,1,0,1,1,1,1,0,0,0,0,0,0,0,0,0,1,overheating,train,111011110000000001
1,1,1,1,1,1,1,1,0,0,0,0,0,0,0,0,0,1,overheating,train,111111110000000001
1,0,1,1,0,0,0,0,0,1,0,0,0,1,0,0,0,1,ram_failure,test,101100000100010001
1,1,1,0,1,0,0,0,0,0,0,0,0,1,1,0,1,0,software_issue,train,111010000000011010
1,0,1,0,0,0,0,0,1,1,1,0,1,0,1,0,0,0,disk_failure,test,101000001110101000
0,0,0,0,0,1,0,0,0,0,0,0,0,0,0,0,0,0,power_failure,test,000001000000000000
1,1,1,0,0,0,0,0,1,1,1,1,0,0,0,0,0,0,disk_failure,train,111000001111000000
1,1,0,1,0,0,0,0,0,0,0,0,0,0,0,0,0,1,ram_failure,train,110100000000000001
1,1,1,0,0,0,0,1,0,1,1,1,0,0,0,0,1,0,disk_failure,test,111000010111000010
1,1,1,0,1,0,0,0,1,1,1,1,0,0,0,0,0,0,disk_failure,train,111010001111000000
0,0,0,0,0,0,0,0,0,0,0,0,0,0,0,0,0,0,power_failure,train,000000000000000000
1,1,1,0,1,1,1,1,0,0,0,0,0,0,0,0,0,0,overheating,validation,111011110000000000
1,1,0,1,0,0,0,0,0,1,0,0,0,0,0,0,0,1,ram_failure,validation,110100000100000001
1,1,1,0,1,1,1,1,0,0,0,0,0,0,0,0,0,0,overheating,validation,111011110000000000
0,0,0,0,0,0,0,0,0,1,0,0,0,0,0,0,0,0,power_failure,train,000000000100000000
1,1,0,1,0,0,0,0,0,0,0,0,0,0,0,0,0,1,ram_failure,train,110100000000000001
0,0,0,0,0,0,0,0,0,0,0,0,0,0,0,0,0,1,power_failure,test,000000000000000001
0,0,0,0,0,0,0,0,0,0,0,0,0,0,0,0,0,0,power_failure,train,000000000000000000
1,1,1,0,1,1,1,1,0,0,0,0,0,0,0,0,0,1,overheating,train,111011110000000001
1,1,1,0,1,1,1,1,0,0,0,0,0,0,0,0,0,0,overheating,validation,111011110000000000
1,1,0,0,1,0,0,0,0,0,0,0,0,0,0,0,0,1,display_failure,train,110010000000000001
0,1,0,0,0,0,0,0,0,0,0,0,0,0,0,1,0,0,display_failure,validation,010000000000000100
0,1,1,1,1,0,0,0,0,0,0,0,0,0,0,0,0,1,ram_failure,validation,011110000000000001
0,1,1,1,0,0,0,1,0,0,0,0,0,0,0,0,0,0,display_failure,test,011100010000000000
1,1,1,0,1,1,1,1,0,0,1,0,0,0,0,0,0,0,overheating,test,111011110010000000
1,0,1,0,1,0,0,0,1,0,0,0,0,0,1,1,1,0,software_issue,train,101010001000001110
1,1,0,0,1,0,0,0,0,0,0,0,0,0,0,0,0,0,display_failure,test,110010000000000000
1,1,1,0,0,0,0,0,1,1,1,1,1,0,0,0,0,0,disk_failure,validation,111000001111100000
1,1,0,0,1,0,0,0,1,0,0,0,0,1,0,1,0,0,display_failure,train,110010001000010100
0,1,1,0,1,1,0,1,0,0,0,0,0,0,0,0,0,0,overheating,validation,011011010000000000
1,1,1,0,1,0,0,0,0,0,0,0,1,0,0,0,0,0,network_failure,train,111010000000100000
0,0,0,0,0,1,1,0,0,0,0,1,0,0,0,0,0,0,power_failure,train,000001100001000000
0,0,0,0,0,0,0,0,0,0,0,0,0,0,0,0,0,0,power_failure,train,000000000000000000
1,1,1,0,1,0,0,0,1,0,0,0,0,0,0,1,1,0,software_issue,test,111010001000000110
1,1,0,1,0,0,0,0,0,0,0,0,0,0,0,0,0,0,ram_failure,train,110100000000000000
0,0,0,0,0,0,0,0,0,1,0,0,1,0,0,0,0,0,power_failure,train,000000000100100000
1,1,1,1,0,0,0,0,0,0,0,0,0,0,1,0,0,0,ram_failure,train,111100000000001000
1,1,1,0,1,0,0,0,0,0,1,1,0,0,0,0,0,0,disk_failure,test,111010000011000000
1,1,1,0,1,1,0,1,0,0,1,0,0,0,0,0,0,0,overheating,train,111011010010000000
1,1,1,0,0,0,0,0,1,0,1,1,0,0,0,0,1,0,disk_failure,train,111000001011000010
1,1,1,0,1,0,0,0,0,0,0,0,1,0,0,0,0,0,network_failure,train,111010000000100000
1,1,1,0,1,0,0,0,1,0,1,1,0,0,0,0,0,0,disk_failure,train,111010001011000000
1,1,1,0,1,0,0,0,0,0,0,0,1,1,0,0,0,0,network_failure,train,111010000000110000
1,1,1,0,1,0,1,0,0,0,0,0,1,1,0,0,0,0,network_failure,validation,111010100000110000
1,1,1,0,0,0,0,0,1,0,0,1,0,0,0,0,0,0,disk_failure,test,111000001001000000
1,1,1,1,0,0,0,0,0,1,0,0,0,0,0,0,0,1,ram_failure,train,111100000100000001
1,1,1,0,1,0,0,0,1,0,0,0,1,0,1,1,1,0,software_issue,train,111010001000101110
0,1,0,0,0,0,0,0,0,1,0,0,0,0,0,0,0,0,power_failure,train,010000000100000000
1,0,1,0,1,0,0,0,0,0,0,0,1,1,0,0,0,0,network_failure,train,101010000000110000
1,1,0,0,1,1,0,0,0,0,1,0,0,0,0,0,0,0,display_failure,train,110011000010000000
1,0,1,0,1,1,1,1,0,0,0,0,0,0,0,0,0,1,overheating,train,101011110000000001
1,1,1,0,1,1,1,0,0,0,0,0,0,0,1,0,0,0,overheating,train,111011100000001000
1,1,1,0,1,0,0,1,0,0,0,0,1,1,0,0,0,0,network_failure,test,111010010000110000
1,1,1,0,1,0,0,0,0,0,0,0,0,0,0,1,1,0,software_issue,test,111010000000000110
1,1,0,0,1,0,0,0,0,0,0,0,0,0,0,0,0,0,display_failure,test,110010000000000000
1,1,0,0,1,0,0,0,0,0,0,0,0,0,0,0,0,0,display_failure,test,110010000000000000
1,1,0,0,0,0,0,0,0,0,0,0,0,0,0,0,0,1,display_failure,train,110000000000000001
